id_cliente,churn
f6337b09-c973-453d-b113-f1daa4213b0a,0
1ecbc358-bda2-4e63-97ba-51fcec179785,0
7bdd4b1d-c95c-409b-aabd-b857ee1795df,0
ffa2dd54-558d-45cb-81fd-43be62752441,0
e8b15be3-822c-4e7d-a9a8-e2aae6091630,0
dbc623b0-cfad-453d-868e-dcaead983800,0
6b3f4a9d-71e1-4842-bf02-c8169c81dac7,0
7934eff9-85fe-44eb-b0fa-a6058c87aba9,0
6a7e5515-9b10-414a-867f-3bfd3e8f719e,0
12aa975b-b631-43c7-87a4-46955b1bf46c,0
88f5c533-4186-4cfc-8abd-a6b7356b44fb,0
a29534ea-4505-44f5-9061-5afa638a15fe,0
ca7f223f-180b-4f61-8bbc-4797c5ae1459,0
af04d7e4-1334-48c8-be74-10924215f17a,0
d9f1c545-64bc-4593-a97c-a5a9e58e8b5c,0
83148191-f59a-4e6d-b30e-2cb4e6e55899,0
e197da8d-11c8-4a73-ac5e-0f5ad373b6c5,0
8afae8cc-214f-489a-b38d-78dabebc34e7,0
48e66e9b-576c-457e-a7c0-c7fc2c99e286,0
d4abdb97-06f0-4ce4-9cd8-0ed68fcc5861,0
27e2db01-e85b-419e-ae96-85b0adf42933,0
dddae2c3-9a63-4905-b298-efb1c3d42933,0
ba4b927b-7566-4c7b-9c8b-6e7e807f6a58,0
2265eff5-6f39-4904-9c22-a83b740cfac2,0
4f832a4b-7f1d-4269-8d70-fec6d101c5aa,0
5a9f00f5-b74c-4708-8813-9ee6afdc1192,1
e6a64ff0-88b2-4ab2-a15e-2f3308d10ee4,0
af12a52c-14eb-4f63-baac-bd06649cd92e,1
bc27943c-5d52-44e0-aa5a-8c8cdc6e9860,0
f8efd397-c1d0-4d48-9b31-c0c2473228d4,1
c3c49040-0f60-4c96-b66a-54a4f046c57a,0
b2ab97b8-eb42-4fa9-aad6-4e528ce18e08,0
9db46564-b7fb-42cb-a23b-bdcf3191ce46,0
cd83c171-a176-410d-b648-a4a9ebd6497b,0
a4c8f2d9-22d2-46b8-b931-fb13c4a63f64,0
f9163d5a-863f-4d35-a6b1-b444de677b6d,0
f9fd9400-d526-44e2-9463-d4d5ed6be4cf,0
c199c7a2-caf8-4bec-a31a-3465a45cbc88,0
a2e37424-1448-4eaf-9c85-6f5c35a5e55a,0
225ae6bc-9710-4413-a71f-e44eaf437a38,0
c6cbad55-3bd7-4d86-92b2-a122c02e8940,0
e7181278-353b-4580-b6d7-abda09867276,0
d2ac96f0-4094-461e-9f97-c54c82c274f4,0
e143c7c6-3c24-492f-a591-dbaa6fb807fe,0
aac87e4f-fcc9-42b3-9ea1-d706c6a9a3a0,0
bd06acf9-e043-4640-9825-dddef2c895a6,0
1e98fa3a-ec77-4baa-bfee-7fd3c64e124d,0
2e1475bb-3b89-4cf0-9fe4-c7dca4b5c0b1,0
180a50e2-6d75-4e40-9bee-0db62a482083,1
75f60873-f8a8-4bd6-93d2-00213aa8e1b0,0
5c7f154a-948d-44dd-b377-ef59dd2ab227,0
16f13fd1-dcac-40fc-a902-793fe5a98cb3,0
00452d1f-d34a-4bc5-aa89-4a86c1ce3926,0
b639f821-6890-4c41-acc8-4813e0f95a7c,0
b2ff172d-227a-43b5-a0cc-5dc46a71c75a,1
fda99597-1170-47a5-89e8-d4290b01db14,0
49d64bd4-9104-4ace-8a14-c36b57e0ef94,0
8f712d4d-caae-4f3d-9df7-65263a38b930,0
d77fa7d9-07eb-4a8b-967d-03439506e033,0
b595fc74-bfd1-4696-903d-c696fcfb8046,0
26fa166f-0822-4768-a308-e2a559199565,0
432b57c9-1fe7-4f66-99f8-3c8738ca18cd,0
99125006-2771-4a1b-89b0-ceaa34a3393a,0
700bf072-1d46-4bae-869b-fba75ad326ed,0
a4d2438b-f953-44cc-8f92-0df12fa6e9ca,0
17caa823-e1be-46ed-9cbf-7742f5c0a13c,0
9c0e30e3-9c6a-4ba3-9f6b-cd24e6e6a0c3,0
8e8ebab6-2bad-40e3-b937-660ce6d39fb8,0
3f12c33e-7261-435d-b3ba-c06f2046bd32,1
3b22498e-dc1e-4a45-9c1b-59a3499b0c0c,0
e8d03f4a-ebfe-4b0e-b05e-89f5f1c5c3e7,0
e782b2c8-e0d3-4143-ad4e-fe43e93f7550,0
f96cfbd8-82ab-4e95-b8da-f4c2ffe319c2,0
b5d74469-e496-43f9-af20-a0a908d874ca,0
a4e33515-442c-4d5f-85ec-ddd41064e8ac,0
878e3715-3b3c-41de-8303-11b824ccfd89,0
fb65440a-0c5d-42eb-a787-3116a508ff9f,0
e396f002-131e-4945-b35f-5e051df7f078,1
94752abd-5cf2-4f97-9ca2-9dd4c794a9db,0
fc020307-acab-4023-9994-e26ea8849003,0
98c65cc0-1189-4f46-97dc-e593b316be58,1
4db95e54-97bc-4c76-aa2d-e5cda7dd8a66,0
d1b2b140-7481-4c9d-8fad-fad5d40bcf28,1
899b41fe-6001-4f08-b067-ac89c8518120,0
b5db8147-afa7-45bd-bbc9-b6f9b8be91d9,0
f6f16f13-c564-422d-8d68-cdc2c78c8aea,0
25258bc6-7492-4543-a93b-f5936f91fbc6,0
03f3605d-72af-441c-b395-7ec3b751a0da,0
b95c1137-1a54-4639-954e-a38b980e62ad,1
d8028be2-60c6-42b8-8c00-dbcd10b9f202,0
6288ea3b-54aa-4cdb-bce4-b2473ba8255e,0
07082c2a-6dbc-4fad-b82f-4f31f861e752,0
b9b1d4fb-efde-4b64-a301-dc9b80fa4202,0
e81b58e8-2662-4e3a-b2e8-2413ec054da8,0
f94e4a3f-cb16-4f15-a45b-9e94ce1a074e,0
4faffa55-7599-42af-8c54-79ea2292d2f5,0
47919114-a10e-464e-abf2-c6c14c2dcbaf,1
04b0b7ec-4fba-45f4-99c4-364567e4fca1,0
4e9c42b7-ba25-4df6-b519-96d540db3235,0
77262ac0-5ea2-4386-a5a0-6c2d87d9b116,0
2b20d752-7259-47ce-9dd7-e25615871521,0
17b4de11-566e-4a87-a121-4b588e117d52,0
59905bec-3983-4d41-ac88-8bc0a7ef2d7b,0
0bc00a53-56c7-4aa9-a8b6-f76a8aa834ba,0
0bd347db-64d8-439b-a6bb-aa60931df042,1
b59a968a-4ff0-4437-952a-7c7f627fdfeb,0
49042bf8-e870-42e1-b40a-b89cc56bbfbd,0
63546653-e5cf-44bb-92f9-c0f883a5871a,0
d049190f-7d62-4aa0-81ba-9a6cdd10661c,0
97322de1-492a-4218-bc5c-a11ccc64f370,1
3e2ddb78-0126-462d-bffb-c26b3b8462d7,0
bff5c3f7-058c-470e-8fb9-d5a9420b80e8,1
746d2986-58c4-40eb-acdb-27e4efee7bba,1
817a3ba5-7c78-4f92-9121-bce0c790d352,0
f63a12fb-d1c2-46a8-a394-21cfe74f5d84,0
37aec8f6-a1bb-4c61-a17f-d7aabd2bd5f3,0
6bb97a3d-ccab-4d55-b4a9-ad4c03cd3305,0
b6f8aa86-379f-4ecd-85eb-8babe3860915,1
9a9b9cbe-a469-446c-be7e-bd1e8ee94163,0
05da017f-7d09-4ce3-a8d2-33c18b8c5fda,0
6f1961f7-18c9-4436-8350-e93c534c779c,0
13fdd33e-ea64-439c-883a-5676dc4978bf,0
acfd803a-963f-4658-88ef-d04f17440496,0
e686b141-b5f1-49b4-8827-f7e7fd2063a4,0
e826512d-e2f3-4434-899c-8f0f84b35d10,0
5d0a15af-3141-4712-86cf-4f2969a69329,0
0f534efb-bc75-48ce-ba57-8464b0099399,0
5627c2cf-38ad-4895-aa9b-b1bd571355f3,0
150e11eb-8dfb-4c0b-8998-d81c847f92d0,0
3f8d6c80-a35d-486e-a9fd-afe09944f1c8,1
8d36844b-fc65-45f0-8f0a-652582578286,0
caf15039-a01a-4e16-b8f1-7062ac911550,0
86797f7e-4f89-4b33-bc79-0d3515785cbb,0
ddc83438-ad9c-49a9-858e-2f260ff14fbc,0
f8e328f8-b2c0-4f49-87f1-b7984eb83e82,0
89be32e2-5a14-4111-8a02-1d3fbe2f7782,0
67938bd0-c8aa-41e3-8f19-aa3a14e86a6e,1
c6ef772e-a841-43b5-b581-10cdd8f64698,0
3f3674b7-8694-4df3-8f8a-86b6d14bd0ed,1
5ebbccbb-ec1c-4088-875d-449e68e90839,0
123cfd54-dedb-485b-a06d-77ee6ee65f3f,1
0abdab67-286e-40bb-a22e-42b16268fca1,1
d5783cf0-3dc8-4140-861d-d72ddc0d225e,1
a9ba7c83-452d-439c-acc3-b024e1e811e5,1
5e3c4537-70fd-4b0f-a079-a1e8cc6af8b5,0
c992a675-933b-4383-ac9a-1045b00be3a9,0
d0b23860-466c-4d64-a0ae-8ff8002c995f,0
a022a84b-8b6b-4eab-865b-04707ffb09d1,1
814eda13-1505-4223-814d-1b2f12b51e6d,1
e9fbd485-2069-477a-a19d-100b5fde7bfb,0
3b14cc42-504e-49d7-89c1-64924198ceb4,0
11976d31-1bef-4ec9-91eb-166c252d0c1c,0
9bd51a33-c5e4-442c-a482-36167b4e1c85,0
f6c09266-7dab-46cf-ac5c-5768e43c1949,1
0c7ea3ea-bd7d-4e6a-9261-3efaa4cd4575,0
97893c83-7c3a-4c84-955c-0050fc6917a0,0
3b16e8c5-4c8e-4628-82a3-b77651eeda71,0
8463692a-bd8d-480c-addf-7d2300d6fb9f,0
a97d50f8-543a-4c87-bcd9-904cb0f46718,0
86d2ccfd-1153-40cb-a1da-664a83d99cfd,1
6f989f50-9ee1-4e3c-8f8e-3e003368b5fd,0
b7f398f2-dda0-48a7-b6dc-dcb8ba5fba9f,1
52ba7e0d-dfd9-40b3-82e3-d4a7f4f18f2b,0
c16d05f6-2404-402b-9f02-28f70416080f,0
43c24d34-1b1e-4a4d-bf99-15206d0442b6,0
276b2523-a190-40c1-aa20-48957675d921,0
d059cee7-41ae-4f08-88d9-04237d2e674c,0
0f10cdb7-a434-4219-a22e-dc7cbe3688a0,0
eeb1d6d2-d972-4a06-b44b-070ef873a6e7,0
473d52ef-fbcc-4d3c-8d7d-72c790259bd5,0
c5b278e2-86a6-4f8e-9531-0e9e7357734f,0
87263e3c-d095-4efa-be40-e9444b51d34c,0
0f0eb8d8-3b72-47fc-88fa-3438e5c9c5e1,0
d8c09b14-2132-4126-b60b-ce900ff4c08e,0
8df6cda4-74fe-499f-b9af-391a3438d9d9,0
bfa8973d-84ce-447c-9d37-c897e7bf32d7,1
e642f2f5-f320-4cb4-9f09-9ceed7264676,0
6c2a150d-4ffe-4b1d-a54f-21d976ee1d51,0
ce5a1171-cc5a-42e3-83b8-3cb3e6774102,1
0e7f0a4f-e561-4da2-8644-4eeaa308e1ef,1
3fd982f1-033a-4972-b524-5ed6aa46387b,0
186fe87a-4ead-4726-ac03-d62590476f88,0
2af82028-4042-48d8-a9ef-08f6d976d73c,1
b4459312-c240-42cb-8e11-0872bb089ca5,0
35f73377-2283-4f3c-aea1-a1cc18cd3fec,0
fa1a3823-6e6d-45ac-8f0c-ef2877710d21,0
790926c9-29fc-404d-9cae-c1b51a1ff207,1
e621ee6d-4512-4a02-ac48-5f073707a5dc,0
da7a373c-2eb4-4d25-a0f7-19beb3cb1d05,0
e0394228-c683-4741-bf8c-2f9a2fbcf4d0,0
c3bb53f1-b5f6-4b02-b64e-115b12e450da,1
3f05fd42-582a-41cc-b011-bd20a8bb1abe,0
9e1c9295-dca8-4a11-8a47-7d106f3d409f,0
da429eec-99c1-4bef-9690-2e4491e9665e,0
bb4a1a99-79ae-46f9-925a-6dad22ccbc60,0
e9040427-e6e9-4d55-a361-b1a58100f6d9,0
8977ae59-321d-4021-983b-50f8454a8215,0
93072e91-1fcf-4677-9cb5-8527cbf79fff,0
1248ce8e-1908-4f2e-a4df-21034d7da871,0
07d4e1ef-e281-4e0c-aa9b-d6078b0bd1c6,0
cc21e92d-df7c-4345-8273-fccb7e4d9819,0
33d1a730-0abc-4882-8f42-17c89ca3cbbc,0
b97926c4-68d9-45e9-8c62-24876162ce66,0
095ef079-e278-4304-87dc-a881ec75d59c,0
cd00cfc4-1818-407c-81e4-53c6caa0a6e1,0
66659b2a-f3eb-48f4-a0fb-c5ebf096e53a,0
8448716c-da59-4c07-b2d5-ebe3a7a7b947,1
87c28004-dae0-4500-9f45-5c3e7e12c050,0
f3f54a43-2cf6-456e-a512-c6749cbebc2b,0
90d84e5a-6390-4735-832a-d2a478e670df,1
cc42c6bc-7bd6-4d23-bac3-2f09fbd0c0f9,0
93a26864-1e3a-4a0c-a856-abd554f940b5,1
0f382ed2-07d0-4c05-9144-3c156e80fa99,1
33a9c979-3b80-4be8-893e-d40fe0941216,0
fa27f610-80aa-45d2-ab41-510e8cd4eb0f,0
75b2dd7f-7c04-4c27-b690-e01cf8d37442,0
58776ccc-7a01-4861-bbe2-c0d7e5353b82,0
e8c230b1-425a-4228-84ed-41308f543f0a,1
88043c7a-a9a2-44c7-98ce-6c963b47883d,0
f6b2b83e-879e-4435-8485-2ddb5c0c1e5c,1
49cf14a2-8bf3-4fce-b69c-b888535409a8,0
7ae0ca39-e9a9-4506-b533-c6077bd8780f,0
a9795516-ec43-4150-a32b-42732fcd5c58,0
d3eda187-35a9-4e51-a9cd-755d84c8a347,1
6cebc13d-d857-429b-bc0f-e2b5cefe7401,0
2a17fa5b-cbf1-4da1-ab00-95f2e162791f,0
b60f8056-f48f-4475-8518-c378da825549,0
53f39fb0-2e46-4ac2-bfa7-f5fcb4bdd53c,0
f488c7cf-b25f-442a-830f-80c32735422a,0
5bd9ae9f-7a72-4409-9c8e-e66d345026e2,0
ba12ac8e-a4bd-4614-a38c-8feaa7a6bd6c,0
ba265b9f-695b-473d-9b46-59b9dfa2e425,0
367ce4e2-5264-45e7-b4cd-4582a68c928b,0
a8dcbe0b-a7cd-4a6c-885d-d42a594a0097,0
44c0e977-3eb5-4b33-b575-812a57894516,0
6a069fa2-7f88-42c6-bcb5-ab1ced85a0b0,0
ea3b68a5-90aa-4cc2-b411-b825720cdf83,0
9a2f4dce-11c4-4622-936d-78a228d62ac0,1
fde49fcb-9717-4032-9bd0-27e7e035817e,0
578085fc-3d06-4552-9362-7794d840c8d5,1
96392195-0f81-42f2-af83-66d89b183cbc,1
9ec1cfdc-a569-428e-95bb-c3014e8c2fc2,0
f1d44ff2-38c9-4810-91ff-6fbbad918068,0
017676de-98df-43e5-b2f3-f25c363d7382,0
a4aeeaca-0c85-4374-9a11-f4946a7339e5,1
095f85b2-c3a1-473b-896d-a9d71273bd70,0
00aee86d-1a61-41b2-a3e7-ebe9da9125e2,0
1dc4deb6-b405-40ea-a4cf-f0e4328dd476,0
d507dd05-5415-4a44-8ca6-652fc6629b18,0
9dc39a79-1567-4df5-b351-22be1b115551,0
2a23e733-dae3-48bb-80f4-b74a6c658bb8,0
61150b8e-375a-40c2-95c7-370eed0f7ac7,0
ae1b4b24-ac47-4c46-bdf5-3dd448a01542,0
71420093-a7a0-4bc5-8834-5926d34b9a77,1
84896a7c-075d-470f-9e3f-c73d69e8ec30,1
0a4869b6-79dc-4ae6-b590-0f9fd2998239,0
f42a206b-360a-47d5-b993-e16465985796,0
08ec4cef-a8fc-40e4-91f4-a269e8ff13e0,0
223ad1b8-bb33-43cc-9e6a-b12ebbc18750,0
60e21dbb-7bfb-4af5-ae2c-5fd888d202c8,0
6abde515-6b76-43a4-820f-8f0f95cfc92b,1
5be81156-e55e-4125-b627-959fd0f60e58,0
97313a5b-8756-46b3-83fc-7dcfbfb4383e,0
2d86a819-d516-4eb1-a7a3-18d44f4fc26f,0
f4acfe5b-2d66-4c2a-93dd-81b34ae5c99e,0
07ec81cf-7eff-4457-949f-ffddbcd16a88,0
d13d1af7-c692-4d71-a8aa-efc943407934,0
288e4fc8-dac2-4599-93ae-2802d7e93be9,0
bf92474f-5926-4082-b82c-b464eb5af4b6,0
96f68865-e76b-45fb-a2c5-5406ebcecee3,0
a440c57f-2f2b-44a3-84c5-515509295d56,0
d840981d-6fc2-41ee-a719-42b0c769c8be,1
9ddc950b-c41a-45bc-84b6-c8f424ad0d20,0
a383445a-8ab8-42aa-8b2e-353f9e9130a3,0
038fd4d3-15be-43ab-b119-3dc38ac5e6f3,0
53eb5dc2-5d71-4963-ab2e-2df44508325d,0
4d4be0b9-5c30-43c6-b354-4c4c23b0e5ab,1
0d2314d2-c3be-48d7-ae75-ce246b1d89d4,0
19764680-2c3a-4e04-9953-9513ec66d921,0
a699cd84-c0a0-4310-a3bb-40caf16610de,0
ac18ad51-63fa-4459-b6d5-fd8354beb9fc,1
f9b7316e-1bc7-44c0-b7b5-74423a11adb6,0
db590dad-f1e2-46b8-9e28-92b736ad5ba1,0
2cd4ae48-a2e5-4f4f-9803-c4c03ea364db,0
611ca965-b153-4005-a59b-f78691826a81,0
2a8fd49c-a091-4ef1-9f6a-d6324d2be10c,1
4c7ed0e9-b4ab-4740-8962-cdf971f2df81,0
6a2dbcf4-7dcc-4832-b03c-f43c95a320ce,0
ac6e2613-1ca7-4006-a126-4043102ae2b7,1
6c8a8738-d947-4b40-b654-c145f89150f7,0
1d14dbf5-de1d-48db-b10e-f7290b13cb82,1
c6eec8c0-50be-456e-8c0d-bc1e160426a0,0
fd59180d-df6a-46e3-be6d-4b1b272e0c04,0
6139126d-266e-48f3-a5a1-f4120a658d67,0
c01920b4-48f5-4d0c-be66-1b28700d67d0,1
fed2c2b2-6516-413d-a6c5-0508fe7efc68,0
a5406df7-475f-4caf-b8c0-e295dd639eae,0
b4083bc4-6475-49e2-a9bb-2365f5d5a499,0
750ae741-ea91-4ad6-baf3-36f1c46af9e9,1
60d34a2e-6eb0-4a1d-8f3a-61477639eec0,0
ac3b722b-50d3-42a2-a712-2ec777079f13,0
06d574ba-7a4c-4673-8606-ae7bef8ebc82,0
f2bd8d3e-1712-404e-b5e8-0916a8f6b698,0
e1e55dcc-66d8-4458-ace5-0b22a23b08ed,0
e61ea401-d9d1-4293-85df-e7ad7b6e1fb2,0
f4933558-b32c-4f32-a513-49b5cffc3d86,0
a93198cf-8510-4cce-b37c-6ed88bd18f6f,1
b7faad98-eae8-43e2-9dc2-c1eaca53c421,0
f9f738b4-141b-4c67-a4b5-dbd352d6a198,1
c37639db-ccbb-44ae-9f8e-506fdc03c31f,1
e735a213-8e67-4729-901b-e3f11c46e98b,0
b99cff7d-6457-46bb-a21f-b253c9c0b981,0
62a69645-ce7b-4bba-85f4-bae0bf83463d,0
e8118a40-73cd-490b-ba0a-fbeb167e91fc,1
5cc0951c-8229-4acd-8ed4-78a37bf60bd4,0
508ad4c4-7f6e-4540-9ad0-e972c810aeae,0
a2dfdba2-7be4-41e8-b317-6845cf96ccce,0
76fbdb10-f032-4df8-8d52-91437900988b,0
e6e2bf27-c5d0-4e00-b0a3-36b8f2bb4b77,1
292d7f85-2739-4086-96b9-f39425aa1e01,0
e1d22c0d-cd5b-4a85-975b-c8e72d1ca698,0
da8d6edc-61b7-4121-9a1a-51ae2b5f6e94,1
c87db464-3ade-4fbb-aae2-1e21c0e65c89,1
211ed6e9-8fdb-46b7-9000-0d169a688cc2,0
d65f5119-553e-4ed2-bcad-1eaff304b826,0
9314d6d1-6d14-4a7e-ac26-88ac88be648c,0
df85ec31-94cc-4dac-a6c3-3b42b523b896,0
6ed31859-63eb-4366-ae91-e12b45e82774,0
ca3b2bfc-f031-4b4c-97c9-2b7cc93a96f2,0
8ad04a18-8e97-4e4b-86d6-c473854f6583,0
2403d197-f2ee-432d-a567-930d84fa247b,0
80667719-b183-44b2-af28-06691c4cb5fb,0
103fd1bd-75f6-4dfe-a5c4-6a705a164865,0
c5d11be8-fc85-4a09-8d82-8e12d49e3432,0
cdc9dc9c-1478-4f7e-b7a1-f523a1b6d6ba,1
ecbd265d-cc60-4664-85c6-5286e7a02c9b,0
eb237797-f491-4b0c-b7aa-270cd95c127c,0
f1029782-1e1a-4be8-88bd-f58ef37f433b,1
d3c7d741-5f2b-4d4b-9ff3-4ce05f741b3d,0
95a28734-e19e-4994-819e-d74aac5f6651,0
1f800976-6de5-4181-a296-0cd490e7f782,0
773be081-0cb8-481e-b8bd-05ecd5d07068,0
a1ce1ac0-b0f6-4bce-be19-a0cac9675837,0
92343159-937f-459b-9d46-5c51594bc6b9,0
be93db46-27e8-47d4-8a11-6bc8f938fb35,0
fca3430a-bdbe-43bd-b356-b8ca4a6ba3a5,1
3f6daf9c-0e05-4e9d-9169-5fb4305e23ea,0
651b1686-89ce-4742-ba4e-f6e523274a31,0
555c6dc3-a28c-4fd1-94bc-be33dd947ff8,0
a2d03caa-40df-4e52-a5d5-db43021f19f7,0
b19938b9-e94c-4a95-8c47-3ab09add4ed9,0
e42ac29e-4a4f-41db-8c7f-82d0ab7e4ad9,1
447a2ee9-2ec2-41b4-ac63-bcb3b6aa5aa1,0
680817f9-1cda-47f0-af21-f7723afa239e,0
39567e24-bd1b-498e-bc6d-3f1b0353a8c5,1
6f474bda-0603-4a47-a267-37f474bb0e3a,0
b2d97d2e-93e0-42b0-8b52-2da839734277,0
a65d1d20-2a5f-4219-98b6-ccedada0ef2e,0
06d66a10-e488-49a9-a667-f356914538ed,0
76c492ff-067c-45d0-a4ff-88b148610f4f,0
32c20496-8c6e-49ec-b188-4e310af5abf0,1
f261067f-aaf7-4feb-9162-c671c2356dfd,0
99579124-c17d-48d5-8d36-a9bc83932b77,0
1a3829f0-0e4d-4cea-877c-e98945a59759,0
46d97f21-5465-43a0-92fa-63464c621b53,0
d15f4b47-7188-469d-a242-9f10bed99dff,0
79ddcfa1-5cd6-4de5-9e8d-a448ffd469ac,0
bd3b6d2a-aa4f-460b-b8a0-a4d9e5a8fe7d,0
839770e1-ac90-4cf9-9081-d936b4b68adb,0
116af8a4-5f2e-4f2e-aaa3-40089cd3c789,0
4a48bf00-6c0b-4e03-a0ab-1e670f52c39b,0
26e305b5-0a6a-4136-976a-b78ed39a6d2c,0
015be4d2-a807-43cf-9666-cc32595d5a0f,1
6a326631-571c-43d2-9f1c-fc09b321e88d,0
71e21ace-b9a7-4b3a-8eb7-1187bf8eb9e6,0
4d80a2bc-d5f0-40e3-936c-508fe79fb98a,0
f95b69fc-baf9-4911-930e-f7923b1106e0,0
b0567e0a-742d-463b-bd03-156cd720659c,0
58bf06e5-2e2b-4c51-8a3c-aee3bba60594,0
8bf2c6fb-a731-4d40-aff1-1ae41557e7db,0
eb74ef59-a81f-4d23-a529-97cc24c0ab7d,1
c2471f86-bd0e-436b-b26e-48a170dcfbe3,0
f5137053-060b-4575-953b-c0171bdfd1cd,0
829e3fd3-4edf-4cc1-ba1b-ea7065b7d3d5,0
ccf22ab2-2813-4896-a55b-bbd424be23a0,0
851d2e95-8b72-4a93-9ab7-a1e7497705f4,0
40ba2dcd-d639-4ca7-a9af-24d865b71226,0
1abf749a-40cd-47af-8406-25ab2756dc35,0
448d80a8-02e0-4b0f-9863-cebc8570bce7,0
49e0535e-aaeb-4d5f-a0fa-89fb03c7bdae,0
55eda74d-9e45-45a7-8535-8ee339d88db6,0
2d963f96-a5a5-499f-b620-55337c58d4cc,0
360df1db-70f7-45d3-908f-5d2ba36134b6,0
e113e7d9-10b7-4d90-ad0f-c08285855cb2,0
64477bd3-86a4-46b2-b444-2e447701be28,0
d70abc70-bd2a-41f4-8b76-f9950344e622,0
b1bbd9a5-217d-4987-8232-8d761456eded,1
95a421ba-16db-4616-b8e1-31634f350802,0
0f7af7f6-0a3f-428a-ae33-9e645e7e25f7,0
59ee2b6c-041a-4d7d-877d-6845ae7daeea,0
aa0d9f47-29fb-461a-a29f-71c0ae7a8596,0
496a7b46-ad22-4051-b05c-0510f1230c8b,0
9d9824f8-1098-48ee-bd51-6dda7b8eea3d,0
f313de35-8bdc-4f93-95f2-931c39d9fcb3,0
f421991f-e5bc-46c4-99e6-aca869c4e084,0
8bb22ec5-df90-44fd-8d2b-fc27bd5623fc,0
356471bc-a588-4228-90fb-20d396dae1fb,0
606e2328-bb73-4326-8b4e-119fd0799940,1
968c8cba-0158-465a-a5b9-044da03afd9c,1
71e18fb4-7739-4c98-8e9c-ecbcd533e7b2,0
f1524aca-2884-42bc-8f58-847c776dd0f1,0
c9513a38-5561-49bb-a256-ad1c59c123cd,0
6ce3963c-3ec8-4949-88e1-3914798373c4,1
a5c584ae-501f-42bc-9ec8-c0578c1a8739,0
949914e4-fc20-4fed-b4e3-567f1b1eaa5d,0
4730eeb7-a8d0-46d9-8aa5-b0e7dcaa0645,1
c8826a56-2ed4-47a6-bace-9f49566b32d2,1
a48b2b7b-fa07-4c71-b63f-47c1dce349a9,0
14b98b63-b609-4827-a80a-002e1e82af11,0
ba23f9a2-6b38-4003-9169-ec2adb6251b7,0
2327cf5c-5b52-4412-a102-a8406524aff4,1
56c53f43-e895-4ce1-ae27-2d8db37b92db,0
7be13e21-62f7-4cf1-b1d9-88eadac7ab00,0
19bfbe48-016a-4bb9-8627-728d5267740f,0
b47a21a9-129f-4f1f-9e3c-b8b2cdcdf575,1
14c7da4b-d5e5-42d8-aa30-2e48bd9c49ea,0
4bdd770a-fbb6-48ad-a809-bd13b5473b8a,1
bd0b0104-84cc-4fae-8f25-ae471ce70406,0
4ad361e6-42b7-4dd7-991c-ee7f6e30443d,0
01a4e3c4-dc74-4944-a772-1110fadb4cae,0
8ac015b3-ba49-4437-bced-0e057bb11ca0,0
032487c7-3a89-4088-b3df-8e32436289e4,0
177475f9-626a-4d3a-9e0f-bdb0ae6dae8a,1
9730ddcd-34a1-4086-ba2f-d4714eb7bb29,1
4ff62f03-18cf-444b-8bd8-b3c3695ba019,1
d5594038-178b-4fb9-ab7f-f098f0e5d80e,1
91ac1b3f-2b1c-4d62-9d2f-f45441790194,0
7fd253a5-b375-4e18-a058-326aa517879d,1
75480311-e522-426b-aae2-d6b90cd0bd99,0
d85b16d7-d34c-463a-bc04-7d8def2ddabb,1
12d2c698-9970-4939-a96f-2a0c8d5c38d1,0
b28cd2fd-8c52-4845-be4e-5b2bdd66a52f,0
27003c91-98ef-4592-af52-0b674f9c833d,0
e0de93c9-494e-4406-8fff-293665d7771f,1
80d9cb6d-3f0a-4b73-9cd0-97b61dd8da10,0
4522cc7d-8ab1-4ce3-ba5a-a2a081d067f1,0
2355278c-c564-4227-9a7d-769df9187fff,0
51268cb4-e9eb-4d78-b925-41d6ca0c3fe3,0
b19b5f3e-a66e-4a05-a99c-764d1436c7f6,1
656258eb-03c3-4179-add7-ff662cbe3d53,0
097c48c5-6bfc-44f2-a874-c531ad070bd1,0
f6bda76e-74dd-40f6-8f36-39a32a08a3cb,0
7930960b-6d4c-4c3b-b91b-4a44ea0d96d9,0
b6de4ec1-4951-4835-ad95-d24b9a3d4730,0
541b8f49-32c3-45a2-b9cf-796a2f9c4493,0
74b5b8f8-0458-4dfa-9953-1ac92e16af69,0
ca9a7217-3870-46d9-a6ae-131be8b3cdbe,0
65d36ea5-432e-4e48-b868-f3473a42648a,0
d4d4bc53-8b38-475a-b9dc-12628d36e435,0
38fe840e-6ac8-43ff-a100-4eb67977c81e,0
efbb2f2e-f4c7-4083-9dea-8ce465d140f9,1
d6f8ab1a-3870-467c-8606-7396e9db249f,0
17f1e2e2-c562-44f0-bb52-13883ddcf8d9,0
c5abafe2-08e7-4226-bec2-4c5601de6357,0
ed49e446-eeaa-46f4-80fc-01358fce1909,0
3e495be8-07f4-4de7-a902-e2c51648af3e,0
3e8bdb30-7b2c-4568-b196-e36b204c7933,1
5e2016d2-dfe8-4d69-89e3-49fb88c04df0,0
ad4c3406-e399-4efc-a5df-a08605a39c6f,0
4179d6b5-9eca-4394-a332-98cbb2dbf827,0
af4ce19c-e213-4804-8468-4b42bdfda091,0
468b3798-0a82-4fd8-8271-e1f45c5f977a,0
b7a35905-b9fa-4dcf-938b-068e6c19ee41,0
060290bd-e236-4a2c-9ec7-cb11c292e595,0
d91838cb-6aa8-4b35-b9d8-663cd1d8cf70,0
463ca086-9ad9-46d5-b300-00881822f3b9,0
f343088c-9156-4503-a873-40f8c7fdb61e,0
35397c5a-572e-43a1-ac8d-090afd97f4f1,0
03d5dc68-a887-4f2e-a5fc-6b74806ded5a,0
f0ac070e-ecad-4d25-8592-2fc8ce011b5e,0
c86adf8d-6879-41fe-aac5-0c955fdf4878,0
a44725ba-e0c5-488c-bafe-6c1391aebbc4,1
7465c40c-d303-4252-86dc-c799f3ad9dd6,0
5970bf74-298a-4260-8c7b-40d92b8da43c,1
713bd597-4b47-49e7-92fc-8182922dc28b,0
463f1075-af07-408c-b62f-2f86efb6e0b6,0
338f6fdb-a8ed-4554-bb63-c7838366d83f,0
a6c3a7fc-53fc-4d35-a96e-1017ce8ca1c5,0
5f282258-9068-4004-bf25-642b6a35d188,0
60240f6f-053c-446c-ac10-5c3021b7452e,0
ce402aef-7b08-4dfd-b7a7-1d777b3af5d8,1
4013cee6-6b79-4150-a17d-20d0e65931d1,0
b4f22f4d-da0f-4082-aceb-1275a551ffe0,0
7e005a61-18f7-4c08-906d-e14058696e95,0
b4246487-2fb5-4a64-ade5-09f54d36f9bf,1
ab15bbe1-3c34-4560-ac01-541a801b1398,0
3a36a7cc-04ec-4331-9c17-11d9f8448fac,0
be0e1142-1dac-4a20-8c95-c89139cc0e4c,0
4676a4bb-9518-4bc8-8172-097d17f61aaa,0
18b8a370-2db0-449e-8e5e-1cd503635deb,1
8510497d-85c8-4d34-9ec9-4f70887b2838,0
7e5012af-5dc5-4ff2-a533-3f143386ebac,0
1eb00e20-0de5-4faf-9203-7408d412b00c,0
9d6ede7c-2e62-4321-be1f-52210fa52250,0
8728e6c0-1f30-4332-8bd9-6acd8ccb996a,0
608383eb-cf21-4a56-b815-b6a0ac945edd,0
cdf6f727-62c3-46ac-b41c-4d6d2d5613d6,1
720a3bc7-54ee-476b-9afc-ec5fdc15a447,0
0afaf074-316f-44a1-bc3f-7ecc24585d24,0
3ab54a13-0dc5-4442-add8-4dfd0acd8c6c,0
77449e2f-69f1-4d72-a8e3-6e74b63ca1e8,0
cafacdce-2570-4bd6-a0ae-68530df07fda,0
e21abcb7-daf5-4fa4-ac17-3984ce7d4dbc,0
cf482fdf-aa4e-48f0-9c3b-9f45047f76cf,1
6acef3e9-9803-4d43-a602-7786da802f5a,0
f3a19a04-12dd-4bf6-9057-da668d7aae0c,0
c44a4f6e-b65c-4a35-ac18-22f0f117a213,0
616b12f3-93e0-448b-a0c6-87e1b4f3e7f6,0
9a2a1e3c-edef-4227-bd13-d6a86a84e4c7,0
45a293e4-4235-48e5-81e5-a3647c9b63d1,0
019ad3f8-3bb0-42ef-9a66-a4d3c41b3d1c,0
61a6ada9-ef78-4f42-be96-9f0dd945049b,0
9862843a-fdea-466b-9fbe-17d416044431,0
d9d1a286-388f-4283-930a-10646057436a,0
ecc88e62-cc7a-4b46-a49d-1d1a8e431651,0
7c939a52-8fa1-4a0b-a23a-86efff242b68,0
b8dafdbd-b394-4d0e-b0e0-2f970c69fc32,0
fdef0d3a-5239-4cce-849f-417145efda40,0
533fe7a3-9caf-4253-bb62-76c7ba98c3db,0
267b63a4-369a-4f1c-b3c6-d4437546135a,1
d439e237-ba06-4167-b19e-d5e6b35c59e2,0
b83683e7-f45a-4b3c-87ba-0a37afe491d0,1
b47897d5-0979-4002-965b-b2ab3bbcea06,1
41d3b31e-ebad-4278-bff1-b27b2ee62802,0
d6072807-7b09-427a-b7ff-f4b8fc2f8f5d,0
4d585bee-0ec5-4cef-8081-f320b59f76a9,0
12b45dc8-3617-4d62-891b-cedac655d1fa,0
c22add71-2d01-41d5-97f3-fd41edb9ee9e,0
40f8785f-2d09-44a2-b105-93477f581edf,0
d8a65938-a73a-4728-9abb-9a07c983e6fc,0
68a9eaf7-e36d-49fd-9bc8-56701e068d87,0
34bf2311-8bc3-4840-a4ba-c2b699473849,0
6945f047-ab17-4847-a801-5d99c2814c7d,0
6a728ae7-59c2-445b-a096-4184dd071186,0
a0b69d0e-f0cd-4a7a-b3c3-8d21c8432047,0
174b7971-6716-400d-873b-ea2bb74e82da,0
87cf0ec1-6928-4cfe-afec-2f0ab7d9fc95,0
2baa951a-cf67-4c1f-8838-d183105ee15d,0
f97ad78a-b6bc-4c28-967e-062f843f184d,0
6e6e1fa9-de73-4a2a-9944-fc87846170be,1
e35768d7-99c3-4270-9556-f5645f5abe67,0
a12986e1-e877-4bca-abf7-81ab43ec3fd3,0
5a2aae59-d210-4f85-9286-c220b3ce5194,0
feecebf9-ef88-440a-b701-861a0eae2b53,0
fbf59e50-8c94-4ab9-b3ad-1dab3a8baaab,0
cef4398a-6ec9-4096-8bf3-5e8f0d3d0f6a,1
260a8b05-0638-4a7b-acc6-2bf165dae347,0
b21b516d-8d32-4afb-bfef-9a71ce2beb42,1
e67081ff-3f7e-43e2-9f8b-e90584fa8fa1,0
ed587ad5-23a5-4c5d-b628-16ee7ec5c940,0
d5c2813c-5394-4f40-9d41-5db552622016,0
ec581d88-4463-4846-af7b-e7a519e7c0b4,0
710d87ef-2a02-4679-9328-0538a956f48f,0
105b4c54-bf88-4fa8-b923-9f60ffa5d26c,0
fb9b6b62-9072-4395-b3fc-e1e043722c6d,0
540935c8-9d13-4d68-aeb6-067ce817708b,0
4b669c69-dbf1-4c8d-b837-dd790f246e17,0
de9a94d2-8def-4db3-8c23-dab781d7bbf4,1
f91aeaf3-4d28-4bb8-87e7-f98790dd90d9,0
902e2116-d7bf-42f1-a63e-970be9fdc705,0
2993a7a0-4beb-43df-9a4f-7dc2b11eb526,0
af58b069-7f38-45e9-9c78-5b6b4339be6f,0
c2d015ea-32a8-4eb4-ab76-5a1c0fe4e1f7,0
5ca350b3-e10c-461a-b064-d38a12434c88,0
20fcbc2e-6104-448e-b4cd-46d28ed7753a,0
540c3fea-36c3-4613-b6ef-bd88d8912ff0,0
3e8228b1-33ac-48ed-a56d-79d09dc4c46c,0
16a8b5f8-1011-4b2a-b66c-0eb36afc32f7,1
e0d2ec4f-25e5-4ddc-ac2d-19f8eb6f6d3d,0
ff5f5362-9e4e-4062-9c9d-d307e33cc076,1
debc3068-040b-4e6b-8e5e-d6ebdb2308b0,0
13f45ab8-8d55-4538-b717-db44b523e75e,0
32c71fc6-55df-4af6-a7ea-b339c89deec7,0
af5e563d-df0b-47a3-b4dd-0ed28621b560,0
76f69885-42c5-4a90-a213-e7b0c7b8d4ed,0
45978f48-f9fc-4585-8d0c-181e54f7950d,0
20427cbb-1943-472b-acbd-4d87c762c93c,0
8dee3f9a-71c2-494e-81a7-85533f67cb33,1
c07421b6-040a-48b3-b5e7-e1838c4bf912,0
b02f361e-24ca-4fb9-b94a-a359868a6762,1
c9305dc1-df40-420c-89f9-1a98022898d7,0
fc539cbf-6565-42a1-a42a-c45fdc3cf7e2,0
834823d1-dd1e-401c-ba72-cb5042648a9f,0
e7daba10-1c44-4955-9213-5908e730ed6e,0
bbfa834f-9f4b-4081-ba42-815495bf6edb,0
d5c158e6-10ea-4932-ae00-381d93b146e5,0
91c72f85-ace1-4976-ae0e-fedef1d13d36,1
9a4a912e-5c07-483a-b275-e11a904b62cc,0
f3b8ef86-fdbc-4af0-9b8b-188fe3682292,0
fc982ed2-8062-4738-9625-a1612c54c9a8,0
4205b51d-f0ef-4864-9aeb-02898eae2acb,1
e8fef9aa-3188-4a9b-b9ce-aedd3d01c50a,0
004a5a88-8f60-49de-8776-016375c29b5d,0
d299ac51-0e4c-48d6-8992-129826963a12,1
56ed2ac7-c4f3-4360-ae95-082c35333d1d,0
b7c91d55-c5a0-41ec-be72-d3d6c579cc27,1
e864b74c-c129-40fc-8a29-fc33084dde53,0
8d1b1b8a-be9c-47cc-9b9f-3c478791282b,0
d4a5b551-14c2-4e78-8256-e7bfe1a231bf,0
5de89071-5c07-46a0-953d-5e776da8a5b5,0
c58e2b55-9c12-4fa1-9337-632c4962464e,0
af3f6dea-f6aa-4aad-bc3c-3cacf3a3b6a6,0
7225d735-a905-4c6e-a1ea-5e7ce2126daf,0
f404da75-dec0-4fd6-93c2-3dcd2842c477,0
f3a14996-621a-485e-9c34-f439a1814be9,0
ba1615f2-d626-41fb-8696-2d3739f11b29,0
2c25a8b3-b8aa-4080-979f-9e436295c6c7,0
7940caca-8332-479b-8c9e-b4b21b189da1,0
febe4dac-b642-4848-9352-ef5e4a55a540,1
472308f9-434a-443a-a69c-6891b2a8652b,0
fed2aa1a-05c8-43ba-809d-ce0bf58a3906,1
6db6f43a-177c-43af-9cfe-423b18796b4a,0
44f9ee49-771f-468d-a670-ebe83d11e1db,1
60f52cff-8b3a-4853-a37b-6b268d340538,1
a1bba7c1-0cbc-4ff8-a77f-989a704a7d15,1
24c79f75-ba61-44d1-b80b-b82ac8184ef2,1
c78851f5-3674-492e-8299-6ab18e1cb42f,1
bfc3df7b-851a-431f-929b-f2764ed8051a,0
2296393a-f538-45c7-a7e6-5b0f3e34f3ce,0
93d450ee-dcfb-42f7-9633-1682c0005bd8,0
a8524a03-d893-42f0-a315-2b9326dae280,1
68f84d13-554d-4ccf-b218-20b897d8bd7a,0
858042b7-c6bf-4121-a70a-4203ede2ca70,1
3a77657c-9e03-4d1b-86eb-260967ac3d7d,0
de10c18d-c25d-4bcb-8c2c-e22bc0da0adb,0
fd2029f6-7297-4c0c-8de2-555ab85702b0,0
daa0db8e-66bd-4611-b1df-633f2c698061,1
5857b494-cb7d-4b8d-90cb-fb0ce188ed48,1
f283f7a6-737e-4e19-9caf-73c6ac9f7a78,1
940f42eb-245d-46f4-a05f-465ee9b1a5c5,0
8d8ddf0d-c1c2-487f-8667-49e369961e5e,0
3f181f4c-d58a-496e-b6fd-8b786f0a89f9,0
eb4d9284-22cc-4b02-b876-86d940c47e48,1
3a5e4ebf-2b80-486d-a170-e80b0781436e,0
a4522575-6299-4f47-801c-5fffda5f66dc,0
fc7f9c9d-992f-45d3-9f53-f97d3ff28d9c,0
90c8dcc5-13c7-4ad2-8cac-3cb60cfbd6b3,0
d8913093-a0f3-4040-bc10-63d65e2cbaea,0
f2231b09-7eb6-417e-bd4d-12a29a1bcbfd,1
416d8d00-9278-4d2d-b965-bc115a206529,0
14d06786-5cab-418b-a98e-0ca362d8dd7c,0
ff099d1c-cb51-4ef7-9c52-1431c48ba8a2,0
3f6a2347-a860-436e-ba43-d75406295930,1
19f8ef82-a0fd-49a2-9975-9276c84b4f95,0
ff8032b8-7a0f-4f65-8ef0-624099c94a6c,0
3daa4144-da81-42e7-903a-a2e80e6e6ad7,0
5953c89b-a616-402d-97e5-7d7a70b4e96d,0
36a8c564-b7ec-4773-9e4f-274d89fe9960,0
ca34683c-9795-43b6-8992-fa3fc9f0dfdf,1
f25dc60c-9a89-4c22-8acf-08a97692ca49,1
3bc2ad14-e675-426f-b42e-64f8b0a74141,0
1538f4b6-66f1-4eac-9d34-f45e3a0b0550,0
0d274628-6159-4b15-b07e-8695162cf974,0
ab76d0c2-0967-48a7-9e5d-1f40a1ca7ef2,0
298bd11a-dda6-4640-857a-6c81ca78f81f,0
fac5ff9d-b705-472f-a37c-0ccefd551eb3,0
e86eac97-4e17-48f1-bf31-1923364a30c5,0
2440c1c6-4145-49df-89d2-331473f46f20,0
9789bf21-e611-44b0-8e49-11109f9f9544,0
fb7480c7-7b05-4f72-a5fa-36a0230d8220,0
deda4616-e495-4e7c-bf1b-52c1878ffb14,0
73020677-e7f7-43bc-a9d9-2007466ecc1f,0
5eb9c960-1cac-4e62-ac50-043723ed6d12,1
44b639b0-d832-48a2-af2e-519853fd49fa,0
0f70c2fb-a9aa-4f2b-864a-ef6b50942e46,1
2afc14fa-7761-4ad4-b8dd-1a928f9574a1,0
9b508b55-deb4-479a-93c0-56d981d8d5ac,1
48c8e6f7-4706-4bc6-bf41-fa569fd954c7,0
d862ddb1-41f8-43f1-b2b0-ff5d4b628e48,0
d62a0c16-a24d-411d-a3fa-bde4439b2408,0
1ef064ab-1e22-48ab-b9a1-84d9a1bf3180,0
641ed267-3317-4c51-8ab9-570177d0d3c1,0
f192f7d8-73e5-46f1-95c3-b70c93852797,1
a1b3353e-68e7-434e-a0d5-85ef7f0bc87e,1
abd2243b-20e5-4804-bff1-bb197d7a2508,0
34a3312a-7b7d-46dd-813e-9852fc5cf071,0
12854f8a-b673-4b12-b523-cef276f1ef7b,0
8a16d03d-c79b-4f84-97d9-37fe48f99d8d,1
28ea7366-728e-462b-a873-2ae78c8089c0,1
1a56efa8-e81e-45ac-9790-18aa75b1e1ae,0
b3f6ca77-6387-4c43-b3b9-5429cf686c43,0
9d14c217-500d-4f1f-be58-d6e5185456b5,1
4826dac3-8879-4152-b87d-0f058de0b614,0
693cafa1-a3fc-4aad-89b5-68908eb1a5fa,0
b3446789-c7be-4a57-b0fb-0a9cdcb58359,0
d8c63852-a45e-41d9-af00-1ff5f1ef6bcb,0
30bb8319-6346-4217-9835-2db49fdb797e,0
74eaf166-e282-4b18-b102-605e92b4751b,1
bfaec331-85cd-4172-a94e-8ad725c1483b,0
3b75f0b8-8180-4cca-95fd-7f1b78103f19,1
84d593f3-bd62-4868-89f6-3394ac829a96,0
8a7e308e-7405-47f1-ac88-8827fe8521a2,0
98bb04cf-4156-48ce-8311-a04f9f1e1a1f,0
026eb492-3c83-442f-a010-bd0d0fa92cf1,1
68423638-2b34-48d9-94fc-bc403a9307ae,0
1e0b6cbb-a84f-4642-94ff-bdfe5f37879e,0
7e2485d7-cd81-43f3-a4b6-57d7d262da88,0
05300af6-2699-41c8-a5fa-cfbd0e9ab54d,1
56c06576-3b4d-41ed-8943-43b394815505,0
a4297380-b7fb-4e8b-a9be-54ed79954ecc,0
df4cf49f-949c-4084-97a0-fdbba9a376e3,0
0fbaeeb3-723a-4c44-be60-baec14582b5a,0
5f233eec-b866-40b4-8a1d-3333e9e1a4fe,0
4744f841-5c3b-4abd-adf7-96870ac2f876,1
1319cb14-2e7d-42e9-8f73-af4300ce2317,0
545af93c-7477-42e4-b5dd-91372d125ae4,0
9e5a6d91-f18a-4896-adcf-7028595c887f,0
8df9a608-4493-440f-a6bb-23735bea60bd,0
3f7291e8-9ea5-4287-9be9-f69fb24b4eb1,0
0fdd476f-ced8-4276-a9cd-99950d47394f,0
ff9071a2-488d-46b7-9c69-8329fe5bd947,0
1da065e1-aa68-444e-bf23-07bef410ef3a,0
942395df-a17f-4762-ab6c-b404a2d2a01f,0
39cb9e58-2586-4357-bbcd-efaa2d6049e1,0
4a17021b-d850-49d8-a2bf-31d867d6e12a,0
d5308b5f-c594-4921-ad0b-1079a3c57c31,1
0186d0cf-1e26-4e71-a661-f1f974c41e4e,0
b37a5494-a939-4bf1-826a-ab10ecb7a819,1
685adff3-1fb0-4f3d-abfe-4431334df3cb,0
b8f00cf7-531c-4d04-a73c-1bea003c0425,0
81e3e3f1-cff4-4528-957c-911f0d72a4bf,0
6f52585e-8ecb-4ae8-9301-5490a6c91b92,1
27acf815-61b6-44a9-a1f6-fcf2228449c8,0
d58f9421-5660-44b0-8248-9bfb2869ccee,0
09753b98-334d-4eeb-b072-7840d6337db3,0
1613671f-f972-4eef-8dfc-d2018dc62a90,0
524638bc-0215-4b3a-8af2-8cc6f2ff7b52,0
d9942e20-239e-40db-8699-54f38fba4a5f,1
3312288f-82a8-4fb1-b57a-824a7e8e1fad,1
dc2027bc-ab48-4252-ae47-7ca01413aa83,1
383a2d09-d4f3-43bb-a100-a92ed0f4ce34,0
f0f96363-0caa-4bb3-99c2-aa793868fa11,0
f78215d2-87ed-4a25-8c00-5f7f4fd7cdf5,0
cb66506a-5ad0-4baf-97f0-f124f3144962,0
bbf24235-30db-4bd2-9cbf-c49c807b05a2,0
3e928a08-7662-4c8e-85a4-9d2db4b3eedb,1
6d673df6-ac6a-41e8-ba93-7ee1cc8876d6,0
2b0516e2-d888-4cf4-8e94-8bb23a0b6daf,0
00a702dd-2ae8-4ea9-bef9-de8656e0df2d,0
a6c1673c-d312-447d-9c78-3a70f9dfc8ab,1
b6faddc7-9b4f-49a5-9085-f11acb98abb0,0
4bd8402e-5854-4b4f-b349-19ee5ed65d99,0
4a13dae3-4205-4351-87c8-94d2b035e29f,1
3f0a4350-540b-4ceb-b883-5fbb535ca06d,0
1d61ff44-b206-4169-aa11-86335c54c57d,1
ad5283b0-8748-4dbb-8feb-7522cedb9c0f,0
10ef9561-1efd-4b5d-b51a-0603605cf4aa,1
53d560a0-7fa8-4cef-b4a2-fd24fbc85ecc,0
37b0642f-e62a-471f-b6ee-93c8afce8529,1
6b3b4cf4-162f-4398-8adc-ab87eafa7a02,0
42964e1a-9c17-41b2-a5f8-9b16217254d1,0
972b4bb9-8750-4926-b552-034b0137f797,1
575efba9-ee99-463c-b601-d1436b6ab44e,0
bf331d45-6812-4d3c-8985-e60737c3f65a,0
4a85fd62-6346-4f57-8242-655a9abe2630,0
276ea3b0-cb44-4152-a6e6-de17885c4721,0
e20e65e6-3cbe-4077-98ce-4d1d6d958657,0
6e06a2d1-63c5-44a6-bf8f-4d4a32dea5f5,0
ccb42611-13af-4168-9676-bac95cd34d8a,0
3732068e-5414-429b-8665-7a8703f495de,0
602bc4c4-cdc1-4ddf-920d-081590d09d54,0
bebd5cf7-a8cd-459a-88aa-45e59ac6b8e7,0
7fabb5b1-848b-451c-b0d0-cc18008918b0,1
215a25f2-73be-4825-a451-dec2900d51d2,1
b6bafe44-51f1-4d82-a01e-ebc0694fc082,1
ff0b1eee-7f7d-4133-aca0-4c7237fa9080,0
d77030a7-116d-4394-9b3c-966b242f89b2,0
5e50e26c-7ba4-42c4-aca0-0dcdc310323c,0
1bca756a-a02c-4db0-8ab2-a414dab197a9,0
7b840d1b-2721-43fe-9cea-f540ef7d60fc,0
46f5ea18-674a-42a6-8528-7d9e3fc37f4b,0
6c4cb94e-394a-41a7-bdd5-88945b1ae4a5,0
9091050d-1426-4b98-a175-abc9f10097b0,0
e1c7e5a4-bb28-43a8-a5a8-e8b7d73fe78f,0
3163b2ac-1adc-43f2-b518-a5b46c7c9c6e,1
b8a61218-2df4-4055-b2c2-cb8c6126b680,0
b81a31ea-a21c-4f87-9d5f-14b7fff3c1f2,0
c11fefaa-d696-44fa-acea-716830a846bc,0
76b8be45-cfef-445a-9bea-732e59a1c6d1,0
4aa7d06b-4825-4e47-90f6-b43d98f0e0e3,0
04b3d601-1f38-4881-9c59-1e905b66ad20,0
1b136311-de07-4dd2-9086-7e0d08ccb0b7,0
754b78aa-3ea7-4768-ab43-983c36892b78,0
59af77fc-0972-4a38-9bc5-cd672e6807ff,0
04cb53e1-ebb9-43e1-91d0-bcabc67fd7fc,0
da9b62b5-a32a-423c-b8ec-ee11b648e8ab,0
181a4c9b-730a-4e88-a7ed-b9f582a2d724,0
239322da-4c59-4d9d-8a0a-664a03a8a66e,0
f3e1b776-2fbf-4010-986f-565377f521df,0
d6fbd8fc-50aa-4145-8f2c-a8133cd53ea1,0
7bbdb72a-384a-4798-9d94-d9ce54d88a12,0
b9c09348-2a1d-470f-a677-7efc4b841646,0
c7a45aed-a3a9-4cfd-99e4-f5f72c422093,0
c5e0d828-154a-4d66-aabc-b163c5f55bd1,1
d3c08ff5-eabc-450c-8182-04565a1c7428,0
f3f3d845-61f8-45ae-9eaa-c3a02cf4fe68,0
584f2385-f0c5-4f64-bddf-34de4790f2a3,0
d9a4fc98-66b4-4872-9f2a-d3242a3d8f66,0
29e33be9-58ca-47e4-a133-0c2d857c54c8,0
17e702cc-4a7f-464f-9af1-4dab7d0240b5,0
f8f889f0-9053-4f63-b072-a1cf6cde1f52,0
45b99477-2df8-48bc-bbb0-edae8c4a201f,0
e1cb39c9-5f20-418b-a7f9-1943d263eec1,0
24625737-41f8-44c3-bea6-7b46b6c0931a,1
bd1eb32b-0e6e-439f-8d81-52c5ce858340,0
3ba475a8-95c0-453e-be74-2c482e4f046d,0
4189bd86-944b-4bda-bddc-4d5488a21668,1
31e94d56-9799-4aec-bdec-430d069163cc,0
2f27ae1d-50af-45e1-8f8c-f2703a20a81b,0
c5e5afd3-759d-4e9f-9342-fcfcbf484aba,0
436df937-eddf-4d0b-80d6-b290d1cfbb3a,0
1a39dd9a-af41-48cc-b18f-0f12e8e051ba,0
9ecd0366-93c8-44df-b07f-2a6f4a1f6f9e,1
22d97065-d5fe-4cb8-89f0-b52a3c30c9db,1
6b8848a4-061f-403f-9165-fedd92d3d7dc,0
767bad4f-ec68-45ab-9549-94c890eb1448,0
7df37c97-62ff-432d-a6e5-5c828a2baed7,0
019fa1cc-74d2-4428-8c27-5d8f6760497f,0
77e31fe1-5daa-4ad5-8f89-f0afdf4ffa04,0
b8157e25-b8c8-402e-b261-a6713d81c6a5,0
919c0414-448b-45d5-ab54-e9b6b9e29292,0
845ab205-c540-4991-b1ef-324a4dce96ef,0
c7cf6492-dba9-4146-bbd5-c88bc2406e9e,0
dda88a93-1992-4d74-aa25-598576dd2650,0
161ad23d-8cfb-4b52-9eb6-fece75ec0626,0
3ed654e8-ca60-48ce-a8e6-0f8c3c347af1,1
7b93f14c-5eb1-401d-93d2-319309abd441,0
3b9520bd-36df-4eeb-91e3-a70f010db780,0
1597fd02-3002-4683-89a2-88991e0ea115,0
fa4de478-5311-4a8d-b225-0e2a06dedd07,0
3e21b6ca-f8c5-4543-ad5f-636b08c6e597,0
f298af85-9e6f-42a7-b108-cd861430dcb0,1
3cc97a25-02ae-41cf-bf34-6622d908916a,0
65fa3e98-0d0a-4cbb-a294-655d352452e4,0
a0333654-f7f5-4bbe-be63-9383c3a8234c,0
897a8f0d-6ca3-4454-ba9d-bb5ac8f6fd87,0
426cab32-8f9c-42e0-94a9-36fc32cef459,0
c982461b-fd4d-4e57-a4ae-23a37284c817,1
bfbcdf9e-b2ca-4d82-8fbd-dc53ce6b48f2,0
4317db9a-cd13-4082-8e82-53811431ea97,0
cb2c1370-ef13-4bff-830b-697ae5486115,0
d790aad0-88ed-4a50-8ada-c317bada447a,0
520a731c-2531-4704-a0c5-b36ddd47c3ae,0
780868e3-e6d8-4005-8340-f20f3d2c4183,0
5e778b38-fd8a-47b1-8597-1faebb340347,0
eed6ea33-d4e7-4d8c-af35-16e7dc82c35a,0
2dc03b95-17c8-4053-8828-2db499e0285d,0
b7b543a6-691e-4eca-9456-7de7137e2fff,0
47c0c93e-6135-4c45-9348-c1d798bf89cb,1
02e17b58-5a23-47c8-8903-4210144b0911,0
82e46bb6-af4b-4c96-95ed-c145812247b2,0
ce7bb5c3-e24b-4a4b-82a2-d02a037ff8c9,0
d7159537-7f19-4699-896c-9b02a51fc6b0,0
06ebc048-6ea1-4763-8945-39fa616dbd1a,0
b98efbe0-e4a5-4a3b-8255-235539ecefed,0
91be0056-7f9d-43b3-bd82-d24cdf061461,1
74f91f7d-a8ef-48e1-ad69-059bc44722ef,0
457e29d8-8f8a-47c2-9611-535f63f067dc,0
be566c66-7b34-430f-b668-204e391cfd96,1
35b93e1f-82f8-4484-a47c-100c20434f99,0
c63314f4-40a0-4d6e-b299-292055d8aa16,0
d1cb7c98-dbc9-440b-81cb-2bca614dafd6,0
a59e17c4-49dd-48bc-953f-7f3217ca3203,0
537cef66-c787-4677-a96d-138f6eb904ea,0
6144264d-7dff-4c49-ac9a-673b1039910a,0
ae6e7c92-3ce5-4ca1-87cb-48d83c337eec,0
78baf5f8-9de9-4a3a-a641-586bc30a3637,0
ff4b18c5-008d-48cb-836b-c185681fe450,0
b70ca88f-40e5-4686-ace6-bfb2af7e7201,0
de0498f9-af57-4adc-bd73-5aa363b58271,0
98114f0c-69b0-4a39-a75a-33befc707931,0
52d458b8-886e-4b94-9a49-6741ab3e2116,1
9bd52e32-ccee-4774-98c5-087c97cc9d50,0
55f8fe55-609c-4769-9f16-9948d9958b52,0
5b11d186-33bc-43bf-9e9b-9bdbf4a4a001,0
e76f2e66-d06c-42ee-bed1-3b634f992db0,0
ca19ca35-b3eb-4817-bc98-aa595f68225a,0
58131e25-d7d5-44c3-b928-e29050c86379,1
8c79a36a-095e-4172-a308-4f614d5293ab,0
89039078-0ee0-46f8-a53e-e33e985428d6,1
9dad6086-7b39-4e95-a08f-ab66e316a9ae,0
c76d6bd8-16ef-478d-9c29-0eb66ca21a3d,0
db574d2f-b2f1-4dfe-9882-2120db7170d4,0
f8838864-9d4a-4598-ba4e-c57590042bc5,0
135be10a-5d53-4ea0-9dd5-6f64faf98f43,0
db19627b-5325-4cbd-8a13-610e5b0573e8,0
d9928b07-721e-4366-9326-0d4a67cc2a67,0
f1690ae6-d6c5-4354-8899-5c11a993e955,0
0dfbd745-7a00-4073-9c41-bf0aa147ca6a,0
daa496da-fa11-4343-b117-522569c02df3,1
f52492d4-ecb1-4aee-a1ce-6d782117e0a4,1
3e004a89-767c-4d58-96ae-7baa400d2673,0
68ddef42-cfb7-4160-9be7-b5356dc2eaa6,0
4ae3a604-57b4-4895-b68f-fc4f7b9c44fa,0
2009bd04-6af3-47f4-b84d-a9de0a7941c3,1
e0051bf8-c660-42e6-90d7-6119ffc2877b,0
49b8663f-5dc6-4852-b253-2569243b023b,0
648eb026-75e4-41ae-a86f-780d3f3d7ca0,0
b8b5ac0f-2972-489b-a444-a1db8d89251a,1
e5a9d3df-cc69-464d-8729-ae7f3b78718f,0
36dfbba1-ba8f-414c-9651-3ad39790e1e9,0
f7bbb28a-b1d2-48ea-8cbb-a0c091cea5d4,0
51c6f282-a6da-4154-af54-a0d89a237f40,0
3fd89272-8527-4ec6-a082-a80aafc8454a,0
7a67bc23-f788-42c1-a50b-1a8c2d40c512,0
92490797-e381-47b3-9d69-51d26000f59d,1
5bea2b24-9aca-4a84-9bd5-912e3240f8bd,0
85ca7e67-5ab7-465b-871a-1b3263042b79,0
3ca3a0c3-e22b-4468-a551-e9c0866fc2f1,1
bcd78ffb-972c-4c3d-a094-36e67cdf65dd,0
ec0870c6-bd64-4cc3-acc3-4db8978c542d,0
b53559bd-0154-4d6a-88e8-5d60edef3aec,0
afc23c2f-9a32-4547-b2fb-460f903eb534,1
a1e102ce-ddc3-48d2-bbe5-e281b216ab50,0
099ed3e7-0129-4f53-a9ad-5c4a258d4512,0
5d015479-7692-4e3f-9ddc-19b3b205c15a,1
0454e4de-8d6f-4fcd-a27b-623317058719,0
727f03d3-6b71-4208-bdc4-7da3953562ec,1
fcf0e665-aee0-42bf-9a61-3bfe02059f66,1
c480d74c-e217-4cbd-906d-597c995afa40,0
77239bf3-d976-49d8-a987-d1c152b32d5b,0
bca892d6-b740-4a5a-aff5-5bf4e39e2bd7,0
8529cf8a-b882-4754-bcb5-2bdb6fd3d6c5,0
d7e1af24-609e-450d-b330-6eda843842c7,0
c41d78c1-8902-489b-a8ff-a4ca83316386,0
d937cd05-ca2d-47f3-aead-68c6f7f80181,0
7982ccf5-856d-4ab1-b74d-146074c053a5,0
a2a80a8b-3e0a-42e4-98b2-64c306277d18,0
e1eb79f9-cb13-4354-b454-dadb87e6fce0,0
109f86e8-57a9-4687-9897-d1122f041022,0
6b2a158f-3441-4108-9eeb-0b16b0c4e245,0
3a9bce77-49dc-476d-8074-6ad9d0d8539c,0
c65b04dd-45d1-403f-a86a-b76fdfcef2d4,0
3b0c9d94-bf9a-44aa-8cc2-e7fb0733b51a,0
e4e81a23-9607-4495-a715-562a4e78b0ae,1
d2693be5-1a75-4241-9898-2fed604cdaf9,1
6e69f2b3-c464-44be-a72f-9aecb0fece44,0
d80d45b2-f299-4ce1-8ad4-b3078fc871e8,0
efc197c3-8e6c-4764-aba1-59b70011c9ce,0
76d3d981-da75-486c-a1c3-8400f3b856ec,0
86f99e9f-da8d-4807-96d5-2238bee9bdf3,0
cb429876-5245-4acd-9d31-ce43b744e81c,0
4296843a-6934-4bb7-a968-038bd9134100,1
8a2b772a-fe0b-4f37-8460-b17c671cc769,0
12181b77-165d-4225-9c7a-bc8dd0a93f70,1
30873d30-c174-4247-972b-8d07a6c9a044,0
d7bcd69d-2be6-4a61-be79-43558418fdba,0
ffc65c80-13e2-49f9-98bd-b92913759226,1
6a8ca26a-db5e-4215-855a-e313641d4f41,1
5aeb7430-2d1b-4e9b-9abd-9d3815aa9240,0
392642fe-a6af-449c-b82f-c92bba83c0d7,0
16fc681e-7ef3-41ef-91be-8e860ae8eff2,0
0d2592c8-23d7-4447-930f-6b57299a8ade,0
b869f737-d7eb-4dda-84c9-bb3e6e908ce7,0
a6208803-624c-4857-a164-71e5a6f13c93,0
d48e7100-c2db-4c4e-83f1-dc5312e49171,0
e62c9d40-b88c-4ef1-9730-2da938d6a3a9,0
0ece8e31-0ba0-477b-820b-ce0c95f1231a,0
738ee7b7-de2d-41bb-ba95-f4938efdc806,0
198aa8ea-3dab-4a07-afa4-395c56fe8505,0
ab07cbb5-5063-4be3-af26-100d0a7b6326,0
66d9fe0b-91b7-4b37-9c96-74e8678bbbcf,0
a218759f-c39e-4c10-8799-349824c75e68,0
24586d27-5c90-4625-8df3-dd06e974ae3d,1
42444c06-1f53-4a62-ae9f-ce7d27800f1d,0
d5152d02-619c-4510-805e-f4402443bc92,0
2009f9c4-12f5-4ccc-97c9-6f7393e19f60,0
7766c682-2cb4-4d2a-a17e-e20265076778,0
c07bd78e-c5e9-47e9-8999-260f31c4395a,0
6458ea3e-69d8-4500-8c16-7ded1ef1ae6f,1
47a30c69-887c-400a-9cc7-a90697cbe081,1
ffa7215c-8eb8-4b4f-a423-6d094855e879,1
ce534596-2e9f-44e2-8b9c-fd7ccee2c321,0
8245d41b-fc5b-42c8-8581-8c78448bdd4c,0
0f49fcde-5e12-4d84-85fc-17fd7db60010,0
7bee7151-f1e2-4531-be93-b4ade353d086,0
d0c92a0b-718d-43bf-96bf-0e2c88a77e3f,1
00ed3d8c-c3f2-4b8e-b8fc-0d9a1771886d,0
36de04b5-34c7-423d-9b3a-f6db48f579c2,0
ff46f1bf-a56c-406e-a77a-dc6bd7b6d99d,0
4199c19b-7938-438f-ae58-0b8a2a8174c7,1
1e522d77-cc66-4778-b37d-46afa3b63ccb,0
8106e5f5-0a74-4601-8141-eab0b995167b,0
ae6af489-ddd9-4386-9e18-258b6941b798,0
ea9070ac-fc88-48f0-8156-9dfbf372f242,0
d4ae349b-439f-44d1-a281-fe54d02e6254,0
5cdbd89c-5272-4f3b-83b5-0ab927af6fc2,0
557c6961-0a81-49fd-ad54-859a9af1debb,1
1af07044-4eb2-4c36-bf32-eb64820af238,0
ee013a4c-1457-4a2d-8145-97efb606f208,0
a55a5472-9d04-4a73-9310-54699392c7ab,0
d076674b-2b34-4ef4-aa5e-1474685efa46,1
b06e5cf2-1c55-4dfe-825d-5841fc2607e0,0
8a6f9535-a7fb-4363-ad6c-b2376aca9cd1,1
1ec0a83e-ac68-499a-adef-3aed860d1aef,0
f6c89f1a-31a5-4035-a8ab-e3ff20ffb679,0
cfb87088-ed29-4362-90b7-fb48ece85796,0
b5a5da52-f481-45d2-b31e-e3df5db7ed39,0
08af620b-753d-44ef-a878-9e2f707c7dbe,0
07f4a916-b8aa-4985-b13e-c5aced0a9375,0
ad1c46a0-a193-4ad6-bbaf-2bbe01ded2ff,0
07b57300-92ba-421c-bea1-89007e359f42,0
b525ac65-18d1-435e-9027-f9ca4340ea42,0
efb903e7-d924-42de-8de8-80e4be2b9ef1,0
c37d1511-38f2-45e3-ad78-0c5b3b309208,1
ce403e8e-6041-4060-9ccf-1b51d34772bc,0
35cb1a8e-8045-4395-a098-92102ca18a69,0
44278333-43a6-4a30-bca9-327841216ae0,1
ae1c09df-56bd-41be-b130-4370d4a15264,1
cb2bb0c2-349c-40df-a062-8f461ccfa5b2,0
0c55baa3-c57e-4273-96cd-489acadb715a,0
1e32663b-1ef4-4d23-a532-a7eb3d898401,0
2434d301-b4a2-48ea-8660-a88d12677f16,1
ee6b1054-8c78-4a56-b5e9-9fb8554c829b,0
51fbc90a-9286-4153-8a60-f16a8e9f7b8a,0
8f30b4c6-b3d9-4713-a6b2-3448ec627c2e,0
e94b1421-9f1f-47f3-9e17-e0827206183e,0
325d3c4b-a197-40ad-940c-328dffea38ab,1
00075cb3-d063-417d-b21b-1679ad86e0d2,0
81493fb0-36b8-412b-b10f-c3b6258f08be,0
67ae0aaf-4df5-4d42-af35-239e8331edf8,1
5b63bd60-f1fb-4b2d-ab1d-c2bd01a029a7,0
31097d31-8887-4a0d-8a7a-51497c9dd204,0
37c8ffed-2379-4f53-9db1-2b693399d308,0
1501d825-86c1-494d-b03c-49decb5a4747,0
23c0ab75-34c0-4455-a8da-f4611642038f,0
456550cf-eedd-4952-ad8a-4437ab316910,0
89f18c81-515d-4bd9-a7a0-7efa5b009997,0
8c5760d7-fe26-449f-be1e-e48165cd365d,0
216417ea-3652-438a-9f1d-fbec47034d14,0
23aa4875-d3b5-4346-a70c-c2fca47b7f78,0
e0d7aaa7-e2c4-446a-91ae-3d18646e457b,0
05831613-2923-4032-9721-32fe35357c72,0
c68234e7-3b52-4cbd-8da5-14e7a8657b77,0
88b55e73-226b-4d5e-a2dc-db17ab007a74,0
745a145a-f9fb-4260-a710-b92175038c2d,1
84daefd2-99a9-42b2-b52b-4ddb0c1b9b18,0
31896e09-5cfa-4e4b-870d-d5d0b87bcfdc,0
c9a47c95-be88-4175-99e1-af7197b41c1d,0
8fa7ded6-7be6-416f-9919-0b3f9e322456,1
5e6fd698-d64a-4d6f-b260-dcdb20635f14,0
ccfd19aa-4621-4c9e-a78a-a243f528bce8,1
795520ed-d995-41a4-a2bd-0e60436f4f67,0
06be2475-2d5a-42a2-828e-dc7f3cbe9fa0,0
a61d7575-5665-4f7a-8660-3c35fb1a5884,0
de80d150-0c49-4c5a-b66e-586b6bbcb43e,0
769879d1-110b-4249-a0e0-42289162c9a3,0
6a7af7a4-31c5-46d8-8bf4-6b252ecd7c5e,0
d6e7051e-8135-44e1-807e-0420273497c8,1
46f34331-9a82-4117-a61e-b499c1041c28,0
b72e4a22-f202-402d-a800-fe3903d4c676,1
117d52c3-1aee-4489-80aa-2bdc398a112b,0
3fa0767a-fe8f-462a-932b-f28ebf2507a2,1
94774075-d744-4375-97b4-a66e93caba55,0
f451c214-ea97-440f-8256-9d8dd2f17a08,0
c9740c65-4bf3-4f8f-b74c-e3186a74d17f,1
d26f3a49-fde9-4c53-a6b9-e57fb7daef3f,0
1d8e5b48-05f5-4761-b287-a9dc36bc75c4,0
f41d0980-c015-4818-b49a-ba2c8ca74c0e,0
21f9cea4-f54d-46f4-9f1e-a9e3a18e8535,1
9fb85ded-de56-4241-918a-57a450039ab0,0
434605ea-b040-491c-bc74-2fab32eca0fa,0
198027b4-7fdd-4ccf-becb-fc5969f6747b,0
9c7121c8-2a3e-42f0-9e4c-cca550a29664,0
83b3171c-922b-4ccc-b371-58f4bc04c719,1
cdff0dd0-b4a6-4e96-a954-3f3f4d8796b5,0
235e5b79-160c-4369-8272-2029c5a30d72,0
2bfd7088-2b7c-4058-960c-78b934ef1b3f,0
74e1701d-9ea1-4d79-b41d-2ebc01f10fc3,0
dd843ad1-472c-4655-9116-b39f52ac4782,0
0a542ddc-f1bb-4a29-b6e2-6f3c2ea0c773,1
836347cb-f0e0-49d9-8a1b-2279fa223651,1
9facc8c4-87dd-4191-9336-f9aae33cb93d,0
f8347a26-edff-4baa-8f37-77dadd99fd88,0
66d4b98d-de9c-4ade-b10b-5480ca7fda22,0
45ae04c4-757e-4bdb-a3c4-eb8848f932fb,0
977aad72-c5b3-441a-b0a8-0e2dab4678f4,0
29707c02-09ed-42c1-ab15-77bf3acf9ea4,0
5db9bbe9-def5-4b65-b6a2-9608b4a597e1,0
8f590d1d-ec79-474a-bba5-fd99afb764b1,0
da6eb5bc-fbad-4997-9d99-fc0fc341c6ef,0
7b1d3ad2-30bf-49a7-85db-373761f47013,0
9e0b0b1f-1f94-486a-a793-30bd751a0b08,1
03ca5020-26be-4420-a28c-503c4c227cea,1
30baa378-b563-46ed-a0ef-f634a1c37d05,1
575e3339-ded9-44d3-8c5c-edbe3b27b6dd,0
317f016c-7b6a-478b-a84c-6e01664cafa7,0
6e684ca9-327b-4829-a7b8-8501098a0876,0
dcee7ca6-362a-457d-a56c-15e5e0b3cfec,0
8fe2ba47-8de7-4d28-a4d2-9aa1b607ad5b,0
836e299a-cdea-43f1-97dc-5214e7c33500,0
ef98e776-a141-4b38-a14c-eaf96a657855,0
363c6d55-55db-45a7-9a07-34c5a1e1cd87,0
903151ab-85e0-4a04-9803-06727915428d,0
8ba5fbd1-a188-4599-ad16-10c6ff07faf4,0
1876fca3-f668-4c3c-9bbc-d300faa66598,1
3d47beb2-097e-4df9-90a3-edec88cd0885,0
6f3070cc-4a82-4a39-aa4f-9840e29b65a2,0
f3aa2581-b97b-4b44-b870-2a3e1e10fc8d,1
c23ba465-607f-413e-aa0d-d85806338338,1
39be041f-c80b-4129-9518-b3eb8d75ee88,1
6db7f6e2-ed5d-4e24-841c-7320cfe92638,0
680bf50d-462a-4a43-8136-93497b28ed9f,0
419add28-6cf7-42b2-9dd7-3af714422c4a,0
0e099e92-74a9-497d-8baa-8aa24ff83a44,1
c9aad4f8-a472-487e-bc2d-74094df07a01,0
6092f803-2408-455d-bd12-7ba883b90660,1
4444b74d-c462-4861-aa1a-288b07c26db4,0
5882d063-20e7-4625-a354-6d77078ae0de,1
35e37088-3f28-46c7-96c0-a8294964081b,0
b59b5936-7e2f-4ae6-a173-2f9ae0b62739,0
231725a0-7149-4cca-a7cb-586d9ff55d72,0
5df49a4e-a82a-4697-a46e-e5c83bcfcd4a,0
8edce240-c94d-4f89-9a6d-a3bb4f7731cb,0
a704223b-2c69-4ad2-afc7-eaf5ed25b3e6,0
9f17564f-e64a-4a51-83c6-de535e65bc89,0
10e8a795-81c7-4b11-b39a-947c9c3eedc9,0
080b71af-ed5e-4a83-9fec-a44bb178373e,0
7af3f7c3-6444-46e6-b5d7-568bb8f5c1b4,0
da4faae1-85a0-4ee4-8f12-257536c41de7,1
80f57264-292c-4714-b6ff-8bd2b9589e44,0
52fefdee-636a-42c9-8e92-d89930b337ef,0
a8ae856d-872d-434e-816d-f6d5d382ac8a,1
d0555044-cb94-4d6f-b598-0406adf58eef,0
e9cfb5e5-734c-416c-bf73-a79b6d471956,0
f3a5f1b9-d762-4c20-9f22-df225db42ba2,1
8fb10b01-b360-4aa1-940f-aed75f1d978f,0
3a58af0a-d9bf-4e75-8562-6e66e8e407b4,1
e71592c9-9005-4dda-932c-3fc8561ceb3c,0
4cd5ab25-c4c6-44db-b180-4220854fabf1,0
b828261e-17ab-4f47-b7cb-756eeeb97c78,0
26e257bf-585e-4c33-be78-4b4a0cf0e63a,0
81f0f8c1-4343-436a-b287-d0cb82e6db88,0
efc243d8-fb63-456f-95ac-092499609184,0
b55728ec-04d5-436a-ba15-f8b96cb2e655,0
2fbcc240-2de9-494a-8ac3-eafbc11d5134,0
9353d178-0280-4bd5-9f78-b063a11b0371,0
4ae63611-d2ad-4a3d-923e-4983c23962df,0
5f37722e-6484-47a7-aba0-982e64ee1743,0
d9cbce16-944f-478e-bf6c-1e2c7311f892,0
ed86a5b2-5807-469e-8229-7f251b63a459,0
0aeff4b2-53ce-4234-9941-7a7ee33dfdf3,0
9ec8990c-b366-402b-863b-a6f8f916858f,0
f7d4a775-5296-4a09-8a0d-e33c99a53cdc,0
e6b534a0-7034-4c42-a1dc-e78da336133f,0
b0b079d8-2c48-4420-9b97-9d8ee993a885,0
56485d0a-32d4-4298-8f8c-2ae22063ba9b,0
3f4bbc63-381f-4e24-b0c3-ffae44196154,0
08749c13-9f80-4e0d-a601-ef5d08929c2c,0
a78764d6-59da-44fb-8881-eaff959a0a94,0
3f930472-c99d-44ce-89dc-484b4709e4fb,1
2e6e9ab5-79d1-4e18-86c2-022cc0434770,0
0c3614d8-47f3-4371-bc41-8feb274c6ace,1
190af69f-276e-4a2c-b258-1bc98e050c80,0
276a8b08-b6ff-4eaf-8c26-97408847de9a,0
d65cfe67-7312-491a-9eef-60b69caac270,0
ae2637fb-4e59-4d07-98f5-1f8ce0d8c84e,0
8990bb26-3a55-44d3-af3d-7a74a3cfa043,0
fb5ebcb6-d50c-415a-bcd2-353b32422ddf,0
d6c16388-d7cd-46b8-a5cd-e531c8979d6e,0
28dab9fa-c655-4fbc-8659-18367172431c,0
c90f3e97-df66-49c6-91a7-a806d70f1b3a,0
af03981a-3af2-4ed0-9b51-3f747d99f9b6,1
188388c2-c465-44a3-aac2-1a8a9c9f74ab,1
38faeb4b-974e-46a3-82af-42d35e0aa258,1
d1a8f6de-3abf-49e8-859f-85875817b8c1,1
970887a7-6709-4020-89b1-febe28339408,0
6d3d9dc7-167f-4cd4-9ca5-87c2f4bea933,0
b979d603-5ca9-4300-b34f-c363255b8c4a,0
dbb391ac-36ad-41b6-9e3c-47b6f2c20982,0
815613a8-4b96-40a8-8f6d-75312d198b1f,0
378ba96d-c3fc-4000-8c9e-0e5d2b25843f,0
5f57aafb-42fb-4f84-b658-e34f25b3a8c4,0
fdfad84e-4bfb-4c3f-8096-9f211d7208c8,0
d2970e82-4eee-42cf-b7fe-e7d94a91fce2,1
3cfc61ba-2fba-40a9-8ab4-af1139583a5b,0
f7741da1-4019-44d6-968a-6db874d6a36d,1
fe978a37-7b45-401d-af0d-c9f5a090abbd,0
240d071e-c0a1-4849-9c3d-ed4383cd62ac,0
8c732d4f-bc2f-4c82-8f2f-4681c2a65165,0
35b329a4-e7f6-4a5e-94e3-538c0cba5ce6,0
9d9e1a0f-6eb1-41f1-a6a8-54ae1a66217c,0
99ea9459-267a-4185-818a-bce11668b79a,0
e341db4a-cb4e-4000-9212-51f3958bd9bf,1
3c3a6adf-c593-4199-bed4-92ed9a0998f6,0
a33cc597-15c9-4d67-93c3-67a48fc8ee24,0
921c5561-d8fd-4ba0-8f64-ed26b76153c7,1
12b8e1be-0d9f-46ba-b597-8565d3ca3c17,0
801aff49-b460-412f-ae8e-5d733dadb5a4,0
34526adb-34f7-43aa-8b52-001ab0bbcf4a,0
811db981-0450-47da-8ee7-93ec5dc222ef,0
7f68626f-f1f1-4c63-badf-f767d394abeb,0
4be6b9af-0acd-4027-889e-ab321ce27b7b,0
3bd53c5c-2440-4000-addd-4cb13505917c,0
aa9c84fb-271b-4710-a011-697076631919,1
3a2ed512-2303-4e7c-811f-79c3233258f6,0
eb306555-d114-4c60-a7d5-ca560e3c6299,0
4db2c1c7-03d7-4e2c-baf7-c860d6f982c8,0
b380dead-03e4-40e5-8a24-e7ee527eca16,0
72f825aa-93fc-4965-aafb-f2ff6efbffa6,1
7871b38f-a8bc-4256-bdee-d466ad1e8d6e,0
d1f48ca1-336e-4be7-982a-d1e1434799d3,0
7fab9a96-e72e-468d-89ba-5bd066f1bbdf,0
95b03b7c-8d8b-41e7-b52c-1e7287cfbd57,0
af0a9bbe-2746-4eba-861b-87baae21f7c9,0
7bb787d7-062b-42cb-a20c-1f756c760386,0
77569708-5ca0-41ab-84ef-39e99f3a7404,0
1c83dcb5-6508-4c9a-b1a9-6213dc763d5a,1
696a3fd4-d8d0-4f53-95b3-bccd71eefdc5,0
c8c54223-9a0a-4eaa-b570-bd83a4dbb0cc,1
bda81bd9-cc10-4c59-8bd7-66d7a4dd3ce4,0
264848a5-dcde-46f9-845f-fd3740d2e3d8,1
6cccefbe-c90a-4f12-b4d6-f13fd4327d60,0
5f5f4134-b723-476f-ac31-46da9f9444e3,0
38f5f910-aaf7-487c-8d70-5854d8907c9a,0
f5007953-72e6-4935-95d9-957c0161810c,0
c0a1dc41-0057-4bec-8363-6479d1765d35,0
6b2f02b1-bfad-4a7a-87db-c110d116003e,0
5861a0ee-cd6d-4f2c-a233-b646e185f872,0
633cee06-eb0e-4f73-a412-509758081fb9,0
39c3d909-1579-490d-ac1c-2e5740f5475a,0
cc9fd227-d1ee-4799-adc0-b41f58d2c330,0
1d52c61b-32ee-4e58-8566-b0a2d49c5194,0
90217a0b-7c26-48de-ace4-7658017e6bd9,0
409201a5-82d9-4ca5-a0ae-3501f8c743c7,0
11539682-6785-4b64-bbf5-61d1578f1877,1
b0316930-151c-40aa-a406-bab659ec7600,0
1f70601a-2a2b-4e3e-b769-906e1585de34,0
c3344d92-8536-4b95-bbdc-62f25be614f0,0
a3dade7c-4b9a-4054-9d06-0018b091907f,0
5253aeb9-e823-446d-919b-085bb7f9361b,0
e97a0e01-42a9-499a-bde8-f44cc230c756,0
be4c7c00-094d-44c9-a9ae-2e17442e413d,0
a9d8448b-180e-4d99-8893-7229acc16c5e,0
551e70ff-719f-4b3f-b986-578827c6f617,0
2863bd0b-25c3-40c8-bd8a-7c2932db7342,0
bb1b5cb9-50bd-422f-a7f4-34caf7c9cd4c,0
ed22060a-3bbf-4824-bfae-9bc5a896fff1,0
1793f895-70ab-4705-bab7-b7be5df7b295,0
6fe730de-82eb-4e70-b471-e749a9247a0c,1
f5aa8f5d-a06c-4ce3-b270-5ed51f11513d,0
df547950-136c-4bfd-90c6-f43e43e8cab6,0
08bca973-37ca-4fba-b36d-516f9e2e8f1f,0
3b8458ad-c16c-46e4-b39a-93abb26c689a,0
86e5bad2-0d78-46c0-a9ea-1b55b2c15a26,1
b07ba04b-6524-4719-8caa-713cc0f5a72e,0
78d9abcf-b1e0-4a1e-b56d-9e00cd5b87e0,0
48aef753-b5d7-4efb-837f-12ecca01cb00,1
eb4ad8f5-5e85-4bb0-b937-0f3374554ce7,0
c1b4f6c3-2b8f-42a6-be32-2da6c85b07ba,0
3db64a34-33ae-4b97-a06d-0e7fd523d2c6,0
53b42945-43f7-4b37-bc76-089829967026,0
f47d66c2-3bda-4017-bff8-1a58a0cdf455,1
67d3b346-df2d-489b-807c-8d7f83a9eba9,0
3f6de841-5ebd-4171-8c29-1e972c181a03,0
565e4225-4955-42ad-b1d6-b5f015762d97,0
a29a74ee-1a3e-43ea-a09e-59a17b76a48a,0
b6617d39-1dee-48a6-bb5e-c0d796360b0a,1
da16d4cb-1f1a-495d-847e-46cebf18c0af,0
b0da1d86-5b02-41d2-b8be-646e713c46f9,0
96496564-0b0d-4312-9f0d-3fe48cc4a165,1
4c4c6c06-7d84-4d9d-bd00-35537cc08944,1
994852ba-ef88-4e42-9058-84b8e9bbd3a7,0
64062ed8-b9ce-47c9-be90-8c92a8ecc7e6,0
4f1eefd8-d6b5-4890-b0c4-53e73d6b2372,0
8e98259f-feaa-4d95-a957-96f4daddb59a,0
f4549441-c49c-4f1d-a90b-34d56f387172,0
d536be74-cab8-49ef-b980-c571ff585bb2,1
96d32c1a-0253-4eb3-b8eb-51b38ebe8d26,1
80d25bec-ee68-4765-a47d-cb6bb65f9e44,1
4984c957-b1ab-43f4-8607-8bc2acfc2222,0
05bdd4d8-e709-43e3-99bd-b0c6aecec223,0
f2c00068-eaa2-43e5-949f-8d1b30c2ecf7,0
307e8fe0-ab1d-4638-9d4d-314045816019,1
5d351fbc-4826-4645-b7f0-9a569c40f2c0,0
e457b96e-ada8-4f25-b586-ffd075168c97,0
15d14a7b-2f4a-4077-9acf-406cafdca812,1
c3666421-8e85-4179-8fa5-3b3a51f201f2,0
2d32d9b6-c0bc-4245-9941-f5b0fd377ae5,0
6204d3c4-b27c-4bb8-a07e-a5b9623f088d,0
3be1a9e0-ba86-47a0-badf-f27f18395bc5,0
f629e03a-bde1-4918-bb69-6f7c0dfd72a0,0
46b52e50-fa3f-4426-a121-adb12f6dcc1d,0
8d425ed1-8008-40f0-9882-6e09e468f8b2,0
23043250-bf4e-49da-a3d0-d924fcadc7de,1
d5378a34-b978-4b09-87a5-e9446e919dc8,0
6367e576-8456-43dc-b44b-5effe2db43e8,0
537a2795-fc76-4eba-9c8f-4554da823df7,0
2d8b75ba-7b9d-4ba6-9ee4-a3d4a1c6c8bb,1
ec367e9f-813f-47c8-8703-1741a42b0a91,0
8a9bc470-6d48-4e7a-8e31-44f9a5a4b77a,0
4d8994cd-dd0c-4aa5-9dc8-a07b0a926ae1,0
b246940e-584b-42d7-8bb4-bbaf8ba4ba75,0
c16ffeb3-14d8-4d1d-adb4-ffa689e7b581,1
f6027fc3-2149-4f21-83b6-18e5c6b01828,1
568241ac-3ccd-4770-9e86-75c9befb06df,0
d8bacf49-fb7d-4b18-b425-564ca181c16b,1
88b1d505-3c7d-466c-befd-e4ad9883ebfe,0
fa4cc354-e2f8-41ad-a6ae-813d973663f9,0
d1011138-0fd3-40a1-8732-e5d29c3ee7a4,0
1a88a104-a9cd-4bf9-9da0-cd7944ad4852,0
e093a3ff-0a07-4b59-b00a-d2850ddba72c,0
b903365f-f5ee-442b-8df2-5633ad762d8b,0
327d6f52-f567-4871-9e80-cc5e32c90ba6,0
496628d2-1bff-4d00-b6a3-56d91b6ad2c7,1
2c6c7d22-8846-4b6d-9966-2707efbf2677,1
2b05dbb6-2982-4c85-9941-ad0135c33744,0
16352b00-26ff-48b8-a6f8-42bda6b14306,1
8fd50853-ac0a-4800-9f18-3943b3853a90,0
9c5012d2-ff6d-4928-a327-675a99895dab,0
57b922c6-78ba-4175-9d79-80cff2480edf,0
dab9af11-10da-4f1d-b44e-01eb8bd7d5ae,0
d290b3e2-311c-4c05-a35f-ab271b8a7fff,0
3ece4053-37af-48cb-977f-3419177c8044,1
faa976a6-967e-4c4e-91f3-18a4eb730552,0
22172d93-4cfd-4324-9cbc-c0d136e294c8,0
ce7aefbf-c52e-481d-99a5-2b66803743d5,0
3c978b70-2a79-4902-9fc6-e9a6f62df25b,0
39c2fa36-d08e-4312-83eb-f679270d0249,0
8aa23451-ced3-48ad-a1c6-e38ca06a6960,0
c1fbfa34-ded6-4f96-bf5a-ce9d2153365e,0
f3f0a49a-1f58-42da-9eac-6dbc590446ae,0
d3ca1140-7fb2-44ee-b654-dbdb42c17ef8,0
a6cf1f10-ea45-45c8-8ae6-edaf3519fb64,1
f7841038-b13a-4b50-a38c-0137c6368c0d,0
53788628-5faa-4de4-9632-60e5f16682c5,0
2131fbaa-5c4b-4d3d-a7bd-e83f9fab4e6b,0
b910aa49-4d80-4bd1-a0a7-ef41371130f3,0
635b4f92-13f5-465d-b0b2-2d10308fc1a6,0
4b2d5058-1c16-410c-80f5-0e50aee8404d,0
ddfdd9e9-d1e6-4355-9740-d9dcec417990,0
5ed3cd4a-5970-48af-a010-782b69bd8e1b,1
c898b44f-7577-4551-bb37-59a33e8220d5,0
58519775-29d9-4e79-af44-1b5bf83cbc4b,0
c25ae191-947f-43a9-bbff-f85782170139,0
4cc05cd6-8e4a-47c8-b633-86624a063b44,0
8c34e13d-d3fa-4896-86c0-a2cfd2aa0756,0
2076f58b-ac33-4fe9-97d9-9c99e60f4f80,0
1da8fecb-202c-446a-8495-92c1baf9ccd0,0
d2d4e26e-8c59-49a6-b0d3-767d8e720c57,0
fc9901f1-f3e3-47d1-a57c-fc9350ce6eb6,0
47f1d816-b93b-433a-861a-038c983bee3d,0
469d77cb-41cf-4b30-b249-12ca3b48a4c0,0
eb88285b-5207-4fa6-a60c-8ce476bd470b,1
c92a7a32-eb94-47c9-979e-a2d29cfb9768,0
9db08eb1-7cc4-4687-b919-c18cd6b4a127,0
d19a713b-14eb-4dcb-8a66-77f915c5de9a,0
fdb68c80-0810-4748-90fd-ccd853472e05,0
d2194f44-9e9d-4023-8d47-3afdf5308b8f,0
c8e9f28b-991b-4a84-b54d-391e0c33702d,0
84f52c24-eb99-4369-94aa-e7ea27a13899,0
84b07d46-721c-4201-81d2-e4104592ccae,0
c40f8b7a-fdbb-45a7-884c-3f02c4ab1f1a,0
6426bbd3-7fbb-471c-b130-3aa70d5c5b75,0
976040a9-7ccf-4535-933d-c5fb18193b2e,0
3c966193-fc37-4b40-b4e7-532eeeeeb204,0
55ecc803-4677-46ec-949b-3e0fc8f51ba4,0
acd3669f-49f2-49fd-be40-6dcd946df43f,0
129d306a-f4eb-495f-a9ec-e0c9983889d6,0
3af3d7c8-c842-444e-bb92-cfb689efc7a1,0
a8bff6bf-e45d-4fe4-822c-f6d6f42800ea,0
735d8d63-adcc-44ac-94d5-ca634e4fe3d0,0
fdbce4f1-d848-4005-be7e-2562eb784620,0
a4835ed5-fe4c-4327-9c85-c26131931449,0
f3a94faf-8d71-4e96-9b63-4fe5013c0295,0
9e14572c-1c7c-4579-971a-af993272baff,0
e3a00a53-5ae0-45e7-a76a-5dc75f8b17a9,0
01ca1f56-22d8-42c5-be04-e9bd19e467f8,0
6911135a-4a51-4564-ab66-d613c7df6b8a,0
bb5ba392-dc58-46a8-85f1-d0e412207413,1
af7154b1-4a95-4f93-91eb-e53359dd5235,0
bdcbdab6-acfa-40b2-9dac-457cb0e03d2c,0
54ff8553-9065-4f7b-b568-44fdb122a4ef,0
2b1cd497-08bc-4bfa-bde4-98a72081d4dc,0
87f0b722-52f2-4612-a627-eca7500535b3,0
e959a95f-4c4c-4c71-a822-96a8648b4ae1,0
511cd486-f9e7-4f7c-ad8e-9fdadecc8ae6,0
bc36417b-1804-4ccb-81c9-6920c95e1822,1
c20adfc0-d0b0-4d2d-b170-c5a86e4ca8f0,0
450af152-4898-4855-a474-ac3418bb5bd9,0
d94e6819-302e-4228-80c0-a8e98fe45fb3,1
9bdc9496-b3f0-4dce-91f9-6b62b36dc399,0
2946fb3a-3a7d-43f7-af0d-d27bd9fc6f0d,0
4a720eef-dee0-463d-b944-ce6da3819fa3,0
acb10c44-2dcd-4411-9e85-567c2fdd2694,0
de3f88ca-af76-475c-824b-baa2803aab97,1
12829c04-0420-4284-bb84-669acaa7879a,1
5e7fa670-3e95-4edc-b733-2f314ec3d7a7,0
b9242e42-481e-40b9-8b9a-d3d83a424181,0
2183591e-ca4b-4ec5-9ebe-76ee5e683cfb,0
1042321f-a2e5-424d-b7b2-a64f4ea2badf,0
68a7e633-ee97-45eb-9897-ad06806d629f,0
95fbdc21-7a17-40d5-ad1c-3c1d650134bc,0
ee6ce76c-63f0-41a4-80dd-1ffa5ff6f715,0
8bfd0cba-d819-4968-aaad-da19a67428bb,0
8ecebb44-2e1f-4b3c-9d14-99882f158d02,0
390908e1-5a6b-41d3-9c5b-8bdacceb4817,0
0bbbbb97-0708-4917-9e06-72bbcdfea774,0
2576a10f-581f-4a0a-91f1-7565d91c12de,0
f3b8f881-c546-4d1b-9383-cc75873f3171,0
0df51c62-ef17-4940-b1e6-e0110120e478,0
38cc6d62-f637-43d6-bbaf-bda6691689fb,0
9fc760da-be4f-45bb-90da-527a99db74d1,0
5609fb2f-c779-4a3f-b8c9-7e84f00dd4ba,0
7aac5bbe-04fa-4a00-ad6c-6c5fcaab0f72,1
31fc3850-0a15-46d9-97d1-1f129196345c,0
a5a815fa-1221-479c-ba51-bce882e55b8f,0
5b873c98-941d-4eca-9107-6de237a770e2,0
3e1db4d6-01b1-44a8-a67b-d8281e57b8a2,0
41def4de-44af-47c2-9e84-838956500e35,0
29c7c6f5-43dc-4560-be2f-a4dfd19c044b,1
bd3d1b52-09ab-4042-9851-d06ee555d5e3,0
2592e337-4bde-472c-bc1e-6df1d5deef6a,0
bbc3f020-647b-413f-b51f-a898cf8e7fca,0
20c9a731-5529-4846-a006-c5449154fce9,0
ee375f34-e244-4884-a3b6-7b810d31c49e,0
6ef2a52f-6bba-4e61-a0f8-2ac8984f7a92,0
669f9809-1e09-4491-b63d-fa4b37f2ca68,1
ce116cd4-e8d1-49f4-96a7-ddef5da081e9,0
77a49bd0-bb1b-4af4-9bc6-b5f2455327b2,0
1c6bad16-d8e3-4a02-a211-77eea81f7865,0
0fc9adcf-0d66-4a09-816e-8c0703428ffd,0
1ea1f998-1611-4487-91db-f0c466e7fc24,1
7faefc27-6c8d-4044-8296-1e1aa2845574,0
41ab1277-12c7-438b-809d-79ce1ec31e08,0
0fd6c7e9-2349-4d69-b102-180fa2f2e505,1
ccabb2e9-d371-4cca-bc72-1ced2408257b,0
02c7a54f-ccf2-4b4a-a233-30ea25350310,0
5e718e8e-3a02-4461-b510-a32e04db6776,0
d6a5f7bd-989a-4f3c-a213-9510649acf48,0
2dcdc3e1-a737-4aec-b036-96fee944b6da,0
e4fba706-292f-4068-adf0-9f7c1970ae6a,0
51ccc261-7d65-4f5e-a25a-cb660f27cc8f,0
2bfa3f16-ae0b-4d3f-9a06-c7a1eeadcaf2,0
5a9b2d44-dff4-493f-be12-74fb1369e478,0
064a7709-8f23-4868-a8c7-d963f3033f2e,0
c5f07550-d949-4487-b949-d0e1bc0eb907,0
5f9a6ac7-875c-4d45-9059-1c4c211d79cd,1
9ec87614-b536-48db-b5ea-e4153465dcb9,0
e75fbae7-545d-4afc-8082-8cf8dfc6fa1d,1
d3bcc3ba-3d49-4f60-9bdf-94367ea8fb7e,0
13886754-a194-4cf1-8504-e94802db5134,0
4c31d654-d65f-4dc5-976a-ed363f40a81f,0
8ee8a748-4ae7-4378-bb75-e10b7a91176d,0
d1bbae72-0a14-4806-80c4-fee12e787215,1
c8c47299-524c-4798-a770-a96156bb7f90,0
9e688b8f-da94-4479-a968-21d0f5347fbf,0
90a00fe2-07cf-4deb-b230-010b8e6eabfc,0
4f6689d9-b84b-4b87-be8c-178681b07227,0
019d954d-1251-47f6-8aae-e567979e7018,0
7204241e-733a-4491-9b38-e8efbc13f984,0
43b7026f-f725-488a-a0ba-1ee8b97effd9,0
6e65f3db-9170-49d8-8e7f-854eb1057e6e,0
93f09eed-7eee-4f85-9884-5c58c95b0793,0
53d358f8-c2ce-46e9-a585-c4b4fb8e2212,0
986fe659-a8fa-4cd0-a763-d93f4d9d05f1,0
acbedcfb-f83a-457b-b9f8-da71e47d88c2,0
f0509941-3bed-4d80-93a2-ae811aa7410b,0
ce2d72ef-249a-43b8-a656-1f661697dd8f,0
be1d8870-0e5f-4153-92db-8943bbd540c6,0
4acac5a6-b950-4d7c-ad49-f88c3e1ea6c9,0
94f8a51d-a096-4a6c-b15e-aed7c78dde81,1
1fd7e116-a184-4c7c-887d-cc71f8d84871,1
dbee29c1-c90e-4d9c-b0af-c67cd6f82fca,0
c836b5d7-8c81-4043-b8c0-14fc7d3fbda7,1
7a652d5e-124c-44a1-85fc-d74bc181ff96,0
749ba267-0102-477d-861c-8c030eabc543,1
121fb1ff-8a43-4a42-89fc-9ff49929722b,0
40b31975-7c14-493b-9c4d-7d9a486a7198,1
6e5b7cb1-3cc8-4fd8-b3a1-2ba3d250af01,0
f583f564-2e1b-4519-8be2-ea712dcfe989,1
5519c231-1a0f-4e8b-a123-d989d4823b53,0
cf57fcbc-b03f-4baf-9483-c9574e3787a6,1
97060710-059b-4dd6-858b-c923f96b830e,1
58de29c2-4610-4ec0-ab45-d353d58fcc6f,1
4b38bbad-50ec-4c57-8399-f7a333dbfc0e,0
4ce470ec-99a3-45f4-b63d-6825af8ba884,0
26302185-3cf8-4081-82c1-aa4557086263,0
e2132e88-c8d0-4250-a3ca-79ea8ca2389a,0
3b054dd4-78b1-46c4-a492-26825c57d9ac,0
5570a3e3-cddd-475e-93fd-21978967650c,0
7c02f370-604a-4ef4-8166-a6ad8e9bf5f2,1
d4d7ea17-0590-4042-bb18-a2e3f14759bf,0
617660cb-6f85-4c2d-9e00-b2c71a99bee3,0
64d0174f-e56c-434e-9620-54aeb1ef7183,0
429a4788-be9b-433d-9c36-b3e1f6eef0ee,0
d0bf6f9e-1e83-4236-b277-f2580188daf0,0
27a6cb25-22f4-4599-8ce1-93a0cfe04d95,0
bc10b060-b310-4cc1-9007-d324a2ba7699,0
a984f3af-43d4-4e17-b2d0-2f747788d6d7,1
3c5e7f5e-ea36-4626-b9f9-0e18777137a8,0
917c9606-bd0f-4f9b-b5aa-584cdbd8f1fe,0
a856f299-516c-4fd8-b47c-b08b5edaf89b,0
878f6d97-9393-4eca-9bf9-2719ba49801f,0
d3b6a268-84cb-4dca-9778-a73c779d7806,0
eb12cb2a-1569-4e18-8293-9923519ea525,0
a15b045b-30e3-40ea-a7a9-969cea3d8db1,0
8611218f-b499-434f-a0f4-a6fc131a9782,1
023d2312-e0d7-41b5-8936-86f16826712c,0
9c9e360c-e8d9-4a72-8db7-976cd78a0334,0
a9e5ec7e-8a7c-4b18-aab9-71b061903c21,0
610bc749-d3fb-4a05-baae-f83a7a0a5737,0
e6b7067c-a71b-4bc9-8da7-505af54c0a17,0
66beda69-d43a-49ad-b5bd-7415174debea,0
c5b667bf-5cce-4198-810f-dbd02fb706f5,0
9cc5437f-c391-43b5-b104-4735b433be4f,0
b418e5e3-0e66-4136-b979-e572fce46cdc,1
6e3a8459-1691-4ec7-926f-5207c9f75a27,0
b5f15bc2-e006-4bff-b5f5-18534e15b2c2,1
d1c20268-7435-45eb-b773-50a1c787b485,0
6f360e23-bc4c-4bfa-8a52-f629c82fede8,0
46c1d7aa-c57f-4788-82fb-90cb05ae833c,0
b7ede8fd-5faf-4515-bc7d-ce0925bc145c,0
e2ad5ce5-8c25-4ac8-bb69-782fa1ddc816,1
62ac46ec-2937-443e-9901-ce49498d0c9a,1
76fb157d-38eb-4ee4-b1d1-650c0d6b3180,1
1cd96699-a8c4-478e-8182-28547b7f180d,0
d8c90fe6-1279-4650-9ec9-b6b5275c4022,1
a482fa31-4d69-4b36-94ef-51b9cbce904d,0
748de7f3-ef23-4b91-aa22-f0867b07420f,1
b4f6ec24-2ca4-49b8-8f4b-4721850edf83,1
1b03ac9a-4f0c-440d-b179-d2c7f3b256cf,0
85f6425d-d0d1-426e-8c61-b745fbccdf89,0
89d63323-87f5-482e-afbf-f862c12bc3d0,0
8c0e7c0c-3e4f-4ead-8d5f-5c7d751a1b61,0
8f71dfa1-22b5-4656-ad75-003c4db1ed29,0
3f2575f0-6777-4d45-9162-12e072f48312,0
614f8efa-1fe7-441f-a662-6e8862ee31b0,1
5478524b-9f50-44dc-b447-d828c2e48c6b,0
568a81e6-7a70-4f94-b4f9-067d2a2ce893,1
0b3202e1-59a3-4a56-b703-a9a764616a4e,0
50151a5e-594a-4063-9a5c-1ee2a6c6b663,0
232c769e-28a6-436a-9dae-fec54ddaa22f,0
d35e6207-7cbf-4308-92c3-5ac9718f81e0,0
d39f0927-0a58-48f7-b592-c61b91e1723e,0
58fff623-1c22-450c-abe2-936525c06abc,0
f2abdcde-1e70-4b2c-be6c-b0a2e6fc6635,0
ca3b94e3-cbae-4524-88ce-b74a9d1ed8a1,1
7c6804dc-8841-4e15-9e66-97cbb3e61ad1,0
c3b2b391-94a7-4dbb-ba76-737091181034,0
bfe3a6c5-d026-472b-9511-bdb917774534,1
82d68ef0-6b74-4a44-b67d-918a24ab9114,0
60040558-de48-45ee-ab35-83d97aba9abf,1
cbd8da1a-a7de-4638-8772-8dff12434e6b,0
c20bd60c-81fb-473e-b289-3810b4d188b3,0
f526df07-d304-4e9a-b95d-08f0dc477d9d,0
e06e922d-3e74-4c94-a40e-2ad2ac5cd08f,0
996f0aad-eb6c-4556-b639-52cbd34099e7,0
23a1afb1-47f9-4f81-b21d-d23e67602bd3,0
60a52afe-473f-4af8-8882-410f7b3975fc,0
fd5e8815-aaf5-45e2-b753-b4841f742faa,0
a7f79920-5c1e-4039-9318-5ca3b86e1796,0
9c32faf7-63f6-4282-99d4-16d338baa586,0
e3b0bda4-c430-4dfd-92df-34065676dcf6,0
45d30ac7-424c-4031-9d0d-066c230062cd,1
0b264a07-1817-4b26-89a6-d54cb5ffbd80,0
9d59f205-15a4-4b44-94eb-7d7c16f6ef88,0
9a891acd-9087-47ce-a2a9-f2c003481e63,0
38cb1423-8c20-4756-8366-9b362fcd1a0d,0
80a624fc-fb37-4a43-b19d-33d84daef583,1
1f7ffbd2-547a-445b-b8b8-ba923685f310,1
db1e559f-c311-45c1-8bf9-237bbd0b856b,0
18f58b9d-5127-4a4f-bc9c-68fc2f9e69e4,0
46b41ee5-dc45-4688-9fcc-8cb3e197da11,0
c417d5d2-d702-43ff-bccf-c27b1f9ffc20,1
65488d20-3319-4525-98d9-06fcda9f419d,0
585dc766-eb35-4ede-8021-d2acb254140b,0
d6792ace-c522-4ea1-b511-70b91599db2f,0
d7f92699-c3ee-4708-b2cb-a901478e6024,0
80e7544f-8915-4962-8ab7-d94a9e3771b4,0
5fce4b2a-b32c-4a8d-b625-1687b5c15467,0
11fe98a5-9d03-471b-9b10-2dfd784b96ad,1
52031498-8c44-405b-8acf-d1eac1d87df5,0
df843514-21d8-45c7-ab13-5f7b0d0a64dd,1
6d9e1b2a-3840-4925-8c01-c82eb5f69490,0
b0d8c149-65f3-4078-9400-6bf5aef4667e,1
4c8b167d-641b-47d0-9b94-bc2113e7e48b,1
40c318d4-93ba-4ae0-90b1-36157c5320c9,0
b4267290-f1f2-4077-80db-baf0e5580116,1
566bd395-a237-4e02-8ccc-d11aec52489f,1
94fd0984-5601-45d1-88c5-d1b6fe54fde5,0
9da3f351-73cf-41bb-b438-df64ca90bb20,1
ef71141d-57ec-49a7-8252-37e4a37f934f,0
9c8c7841-1a9b-43e0-8af1-179f112f5a09,1
2f58c5b3-bb19-4066-a3d3-b36bc01ffdeb,0
9fcc836e-2c1f-4858-9f5c-599b3ad96845,0
f5b617a0-aab5-4b69-b2cc-3922a2b38f1f,0
2339f476-6de9-484b-91fe-e590c5443a7f,0
7637f571-4118-44dd-b689-4a50bdfd0af2,0
a4736c4e-d561-49f9-be3e-20d26f15cafb,0
ed0e403b-c9e9-41db-bd98-31e93f0d31c5,0
ba660757-f1d9-4b72-a043-47a1509aaf39,1
24855ba7-c381-4ea3-8e1c-60e066184382,0
f62442bf-62ec-4e1f-b507-ce710a0e3d17,0
5d11ebd3-f33e-4bf1-9077-01d048474f56,0
90d68264-c2fc-43a8-8f2d-60fb0cb9f110,0
66fa9116-a7d6-412b-b0e0-057a66864025,0
24d54665-26dd-4998-ad6e-1a7acab1ee15,0
014785ad-1ffa-4f17-9c95-371579d4125f,0
f90d08bd-6d2c-48eb-b23c-431ab25fd2a1,1
bfc4e7a0-1b3d-4364-8221-f78f43811ae2,1
552e9777-b049-42c8-98ad-082e3cab9bcf,0
cd076063-d9b2-4221-8afc-b9c3b10c9ae8,0
32476d0a-9c4c-4840-a235-01889ce2aea3,1
04524420-a876-4beb-a153-251a236c72cc,0
d9274372-c50f-440f-943e-8f08635c21c1,0
76023cb4-fe5f-4186-b475-bfc594340972,0
8e324f9f-35ea-46b0-86a0-09df456047a2,0
4229a5c9-10bf-4053-8922-0ffde33442c9,0
49801c7a-f66b-4c60-a4c3-8b99e49000fe,0
a82c3b84-cec2-41fe-8124-365c769d63f5,0
db5bfece-788b-4079-87d0-6ba142fa3d6b,0
06daf59b-4063-4375-879d-d43efe339b6e,0
a36607b4-d344-4668-a01e-c357578010d2,0
c4f66e53-808e-45fe-8605-e2a100f128a6,0
0fdd3571-d088-4008-9eae-9b97c38418b4,0
dba6b220-39e1-416e-b038-fc5db674864d,1
c12e9081-4173-4480-a026-85612f87ee1d,1
1ded7542-b9b2-43cc-b141-a3528eb4cc9f,0
f507e308-c4cc-4f8e-a8c8-fb52b424aa39,1
1218653a-e6ec-44d7-8eca-5e1315087f2d,1
505a9818-60d3-4189-a5c7-ae9e09934c7f,1
de574832-3ab7-453f-a69a-73d269c41d79,0
8b44add9-f1f6-4bb0-9955-0fe6e59de5c6,0
4ba96ba7-1cb6-4891-b765-5caf220dd87a,1
5e1c8c43-8c1d-4a33-88e2-bd3e38d4bdaa,1
d256767b-110a-407f-b840-c2f117dcaa14,0
6537a66e-f7b0-4207-9d2e-7840ae248027,0
4ec2d599-2368-4ebd-900b-b2c0c8bec2ed,0
a4e9266a-0e24-46b9-9b1f-97d5b1a82353,0
b99753f4-534c-449c-9b44-808bd86c02ac,1
11d8d186-ad78-4762-992d-0c48657b85db,0
165b9674-db00-4a5c-ba10-4e073be94713,0
c9fc6cfb-d789-44f9-8638-0d47d7f37702,0
dee5e4e5-3643-4f72-817c-6a2a3e57ac69,1
0364a5b8-603e-4615-9db8-4f11c369ec4f,0
e3ac04b1-cd09-469b-8ad1-266fa1adfdbf,1
44da53c5-01d5-43bf-b4c5-5f936be38f05,0
ef086d30-d33a-47e6-916e-c8004e878699,0
cee16a4f-3dba-4c2d-a888-59d137b4dcb7,0
6d581019-c82d-43dd-8285-60e471b8785e,0
7d53306e-79c4-4203-802d-616fcfce1e53,0
ffdf4b7b-e9ba-4a22-bf0c-ce9e98fcb651,0
c1de3982-d47b-4afc-9dfc-b929f1a0c5b5,0
f11e1110-ae85-44e2-84e7-0e03b0cbb246,0
45aa486e-cdbe-46f4-8c07-5d222dd91564,0
8f46eb1a-3edc-4281-870f-eebe441c62a0,0
edcb4bf2-f384-4af5-bb65-b45d1d9c7afb,0
f53fb14d-4751-4015-bd05-b544aef58a8f,0
10f0d118-834a-4c27-b634-2a10dd165858,1
8568743c-8c7e-462b-9680-a43118e384f9,0
d5ca5153-77ce-455a-98f0-7c23fa625b1f,1
83a261ce-a07f-4c41-b9d4-42c243093480,1
c421b163-1e3d-4aab-bba0-b142869867c4,0
fe7bc816-1de6-4ca7-9cab-568c6df7b84b,0
7c19171b-1347-4431-9f30-2b4ec5693663,0
63acae3a-a896-4e18-9661-133ba7a04b3b,0
c993396a-bbab-49fe-a83e-741976eaadb5,0
0f1bbb78-684c-46ce-8aba-c9fa5b2d08de,0
d628abd4-af06-4dc9-94fa-daab93e3aaf0,0
2d121d7b-e7ef-42c0-9064-759698fb6b7b,0
5e888b4f-b0f6-4fe7-9515-3412b3598c6b,0
73119016-f4a7-4069-b262-940aecb10dbd,0
b98c0cb3-8047-4e47-8c7d-787fc1e734ef,0
ef56da63-cfaf-4927-9db3-2d90de842988,0
50c24f92-8dd3-4c72-a2ce-e93c28832922,0
c720ee38-fc7d-473b-84ca-e7b5c0e010c6,1
f07a7392-36af-4ee0-891f-7beb36e4e6d6,0
affd476d-9943-4802-a90e-35aec2040a96,1
10f7477a-e1dd-4ffd-82c4-aa35168bbb08,1
c5b8b419-0a73-4312-8709-6882f4b41239,0
37cf924f-f061-47d7-8b3e-3afdfaf31520,0
9bedf491-025f-4a4f-bd9d-c052e97f6a30,0
c4bda80c-aa6a-42f0-a1b4-7f9c4b254bd9,0
bcdc5fe2-dd5c-4f1c-bbe4-771351b91bc7,1
b629e5da-65a5-4238-bb20-324d483404c1,0
331b6b78-09d0-48f1-85b2-fad965068bd1,0
6c9eac48-e7e8-4ca2-8bac-30a9ae689537,1
5802590c-47a6-413e-a168-b303f2ca5433,0
a5560a6e-59e6-41bc-8913-b1ffbbdce405,0
57fe0b64-7888-4f6d-aeab-34317428e3ac,0
a4ed9cb3-74a9-4250-ac3d-c2474b52431b,0
a3e62616-de80-4d38-a70a-5ebac3ef98a1,0
7597096b-1eee-4308-a118-b4081572737c,0
419c95a9-2306-4108-a1b7-cb4b65a1f0bf,0
995a100d-6d26-4642-8dd7-70dfa5bab784,1
dd4eedc4-dc7e-4450-8ebd-604970f88396,0
f02a8c63-1ec3-49cc-af55-3cc29aea5cd3,0
cd7b21ff-d241-4b0a-83c9-20af9e3910da,0
6fcd36e7-e058-449c-a7a4-b2a6cf60056e,0
9996c57f-5481-4544-a718-98e4061e0d31,0
7bea5863-04b0-4237-a4c3-bbd0780a4df9,1
0de1d0df-ec8c-4378-8ab7-bba6672f9f21,0
540746a1-3d9f-4c02-8407-4eff540a0f25,0
c247a310-6902-4199-b249-ad53188ded61,0
dc288b2d-ddf3-4839-8197-db84b5eeb696,0
999d5681-9b30-43ac-bc49-dd40649846a2,0
88b8bc8f-c617-49e1-8d04-13d253134282,0
c9231b9b-a04f-4dc5-b972-535927071466,1
3d16b0d2-70af-4098-95be-f304d1d87eb3,0
71dcd30c-1585-4b1a-9e91-a6af8853f7d2,0
ba66fc0e-9b74-4b2d-9041-3abe67b7690d,0
2a5c9722-2f7a-4a41-baac-eaf463ac2360,0
f17c7806-bf91-499d-be51-1c244710185b,0
d2a0b9ca-65b8-4b4b-ac88-228055eab9ab,1
7c6c8cb4-5400-45a9-8e39-2a143c12181f,0
2977d51a-e120-4304-9df0-34afd83bb93b,0
1ead5ff8-e889-4723-9484-0e0a8807b6e2,0
bd4fc22d-0b92-41b1-bb65-e3c65d6b6c96,1
8b1b70e2-df52-4456-a1f6-6352cb882f04,0
c1529394-012e-4139-ae73-ce694de098cc,0
fc2ab520-7603-4fef-bb1f-2b481b4690ec,0
e72a5801-d8d1-4040-968e-1b15549e8406,1
4d79562e-e8b3-4b0a-9a1c-5a8d0dd82d29,1
c7e5b1d1-fcff-4830-b0f6-64860c464930,1
7c20b751-d4ed-4aaf-bdb9-dd3d3784f9e3,0
4ecca3a2-6eab-4ffb-adba-e484a324554b,0
45c17545-3001-4f93-80f9-9d8e8d26560d,0
cdcfe9d8-0a77-45e9-b029-641a67277fb3,0
906459e5-83d6-4eca-9e2e-eb0e65a6ac5b,0
0f17eaf1-1c52-426f-9a8c-0b6371a0d1ac,0
8249ef16-bb09-4c84-87e6-aa4d92a79eb0,0
520eeb19-51c8-4b28-8d82-0fe69c40f384,1
f4dabf7a-9312-409c-80c9-0aeb64eae14a,0
a1044043-a1df-4788-8203-e9bbaa293076,0
1bb3b444-d2cc-4ad3-afa2-29e97e115113,1
8a5ec41c-a4a6-4042-b702-48e9400a93c8,0
696d57c6-3806-44d2-a989-2a4822972839,0
460737e1-5d4a-4ce2-a68c-7e00a0f5bde3,1
745541b3-ed02-4510-b795-65a5c3e128d2,0
3eb17624-027c-4d93-8457-efa52b580479,0
fea41095-7c48-41f1-8236-bd444244b608,1
ff8867dc-8326-4abf-8657-382f68f15adb,0
c9c680fc-e25e-4712-a461-50537061a7b8,0
c18cf4ae-e9ac-43c1-b57c-cb8b348d26cb,0
f7555f56-74de-40fc-8c74-e94d212ee246,1
6073c378-244e-40b5-9a75-b07988bfdcde,0
caec0ff5-b414-408b-a6dd-4e5ca3cf56dd,0
6d3dd9fd-f27f-4eb7-9e40-7bc483075378,0
d8fedfe9-a96d-46cc-ab3c-8b74702aa123,1
942eb62c-1587-4a54-9450-e6f7723600cc,0
0c2702fa-3ce8-48b3-ab63-b2370d02c640,0
a111fbfb-0cbd-441b-bffa-d65ecd0adb29,1
10aa788c-c4d4-49fe-88a6-5cbe8404be99,0
9fc6b5ba-4ebe-4ab8-a503-a9b1cae2079f,0
a23255f0-0b01-4301-bdd3-46fe1f495d61,0
00a434d0-1243-4d71-9433-dd5ff59c55e6,0
e08a9292-9bc9-45c6-b2cb-e31d828f7a19,1
1897fa05-5056-4f06-ae22-5772ca13155e,0
247d1912-7233-4879-96eb-3fb36d882ff1,0
83ac3f36-8d47-4e33-bef5-32c7b40a4c13,0
6006ce2e-9990-428d-a939-a5dc68c37e69,1
bd494783-1158-416c-a968-59b960a587e9,1
fcb367ff-61e1-4b36-9c0f-bbb43f6e9559,1
76dff28b-648e-487c-8340-8c808c42879b,0
8fcd39fe-5b47-4cb4-8566-c816bac4e477,0
4c8f15d7-5645-4f27-9369-5a7cbe50bef5,0
e5711a29-19e6-451c-a378-000172d403fc,1
8b131942-6d3d-48c9-90bb-bff146182796,0
a676ed80-b714-4134-b3a5-cb5665a500f4,1
5e0be258-ed5f-45dd-9e47-cc93743be199,0
33573031-3a60-40ee-a5b6-f8ee826c45fa,0
65ef81b3-ebe0-44cd-9b1e-086fd81fc2f1,0
5d116aec-f1a8-41e4-bf80-f480f5ff0f57,0
1f5d1476-e156-4f2e-b84b-f42d312d91b3,0
5c0f7405-a156-43ef-854b-467a1013e546,0
4d32db52-2f6c-40f8-976d-a3b77ce6a715,0
0818ab83-e841-49dc-bbbd-f470180b36d4,0
5f12c8fc-f0ee-4547-ab83-587934cd9e10,0
f9497589-7f95-4591-91f8-025f6aa8e8fd,1
2b9361af-86d9-42f1-8061-26906e2ede11,0
70371cae-4d7a-49b5-97d3-206e4099deca,0
6af53d88-cd7b-4923-a162-3dc7095e79a4,1
0c9d9833-061c-443a-838f-5bdc4a941eb2,0
9c194ee4-473b-40a7-897a-271d253b33ff,0
b9699f9f-ecee-4ef4-bb0e-83a95ee2a251,0
63a756e0-4cda-465d-9193-35ed8cf9b12b,0
e8d216e0-f1d1-42c7-96ac-614e183944b0,1
d60bd24f-9199-4df1-9eac-bca4bbab402d,1
f9f83232-268e-41bd-a91d-6af26146ccce,1
a491fa9e-e105-47eb-b4ce-13b5a4b90b85,0
51b555cb-f211-4864-ab79-e9f29791cadc,0
6c4ba48f-e871-4043-b753-e9a3ec907715,1
7997a351-9037-45d7-9d8b-fc75625f0afb,1
1a3ff88d-8da4-45a0-a7d3-41d4a9cb3cf0,0
5825ccf1-a97d-4f97-bf5c-4aff44e7ea93,0
d866f7b4-feb7-4cca-8ee5-ec0e1ec4dd15,0
e78a63cf-ca59-4de6-8ec7-65a3829b4bd7,0
dae5eaa1-db59-489b-91ef-81d6534ea99b,0
8bd735ab-71ca-4f47-b921-ed3a43fec228,0
c62ef169-341e-466d-b3a7-da9dd44f816b,0
e06298b6-f30e-42fe-b2fa-e3d0a9e7e552,0
2c5cb711-7f52-42b3-bb6e-45bcf0ef958f,0
6228e038-6675-4a09-8ef4-037e3b7731e8,0
60a957be-0b93-4d1a-a619-459c551be509,0
96eaa68b-753a-4ec7-a0dd-9e37a67010f1,0
47fca627-ea96-425d-84b9-f59b01e8e5ea,0
618a599c-9241-4caa-bd0b-eacecb573084,0
eb522e58-6f69-416f-859c-4fc85c57575d,0
45ce5cd1-af59-41d3-b9c5-a37dc16b8b51,0
0b40bc7e-ccf2-4cf1-b5c4-cadbb313894e,1
d6361f2d-3217-4605-86b5-56b7d9c23950,0
94751652-fc43-46c9-b630-775623f3c388,0
960e3669-eee9-4703-ae8c-ac48d30dcd9b,0
5b1f63d3-6660-40e0-a0f6-36e06a723971,0
17ee3501-ce41-496b-9054-1c3c871d2bb3,0
0f55c48e-b60f-4bf4-b716-ebe3cdaf05ea,0
4f07f539-a1c9-4dff-bf02-5eb62e5de36b,0
7fb9bb9f-d706-4afd-bfcd-f9fc21a48c60,0
8ee7f069-2ebe-4ec2-9eea-605b88e2668e,0
59e25d2f-3a06-4d96-bc5a-517e0a2c9a26,0
2f60e4b7-cccc-4d41-a895-9b0ab3aabe7b,0
1cdcef91-e91f-4f62-ab3e-d2bdb0a9a3bd,0
9d559256-f612-4a3e-bb05-d2fd4936bb29,0
9b43d7c4-7a2b-4c20-a2cf-d0f80b0de7ff,0
38c41507-d0ff-405f-bc16-57870b51ab81,0
dc0dc3c3-8db5-44e6-858a-c187597175ad,0
2c18f16f-51db-43d3-91d0-8793c30fe3e3,1
3f115cf9-1581-4b6d-801e-c5986dc67f72,0
9ba73395-d682-4d49-ad34-27d31d32e454,0
c9ac7e92-d777-452e-97f4-04158fee58e5,0
b51ee1fa-7c49-4cab-886c-cb63256a072b,1
fa605f8a-1099-44d8-874b-f77a6b68ea38,0
355e054a-7d33-44dd-a874-1512d2497f28,0
a1524ca2-f91f-4042-b106-a424400e6163,1
8062558c-3ea8-40f1-b468-0f23b665c60b,0
077fe1c2-4b77-4334-9155-1766b5f932b6,0
7ae741a2-af7c-4703-82b2-87cc9dafdc33,0
224d4ea1-092e-4614-b974-78937732b28c,1
6cf50df7-2ed9-48d2-8ea4-8d6116847786,0
e587ecff-7f59-4ca1-976f-e9cafb80dce3,0
076a0c32-e4a4-45aa-91df-5cf63156f35d,0
55c6d172-719e-46b4-bb15-670882d7500c,0
7eee6905-098e-4b54-a6ad-77259d051f69,0
8694c3d2-cad7-4dae-85e7-ba61a8b1aa6c,0
5419974a-787c-448f-b46c-eb672de1156a,1
8476afd8-11e1-43b9-9b34-2afd3239727f,0
e7881677-5eff-4ec1-9398-4538eb7555b6,0
5426bf61-4bad-4dfa-8b6f-77770160b4c8,0
494f745d-d049-4008-8c65-6a96112b4ad3,0
a5c44806-9d9f-4c7d-9eb9-b79936a14eac,0
20160132-054e-40bc-98c5-0ebd1dd0ae01,0
abac2072-605d-4a64-a3a3-c54781fc606d,0
6f8abe39-995c-42c7-bd61-a601461a387a,1
be8ba431-b900-4034-ada8-3a1e7836d571,0
120efd8f-550c-4ad1-97b0-182da54ea099,0
45bed02a-3de0-4d2b-9fa3-65ef04c5d252,0
fc3fde98-d4f8-4799-b1bd-3f0161560f51,1
d931bb2b-a85c-4fe3-9c0e-d9d3325b57bd,1
ffd470a8-5d68-4fc5-b29b-bc7a7e82a6b8,0
6467fde0-9a14-42fe-8af5-c5cc2147457b,0
b51f5ae8-41c6-4836-a846-8e4492df3054,0
76b8429d-a3da-4f7d-9aa2-7f91461a8f66,0
52a004a3-2a35-4f0c-b3a1-646bdf5fffeb,0
ef884f88-4862-4686-b983-8931b4ae722c,0
3f832f88-b381-472e-a777-8cb88d34f35e,1
3fffff4c-68d9-49a0-a8cd-3bcbc76ac1da,0
afe9ac96-7931-4920-87f1-81804f0897f6,0
88837d12-271f-40fd-bad8-b4703111d9f8,1
f876856d-24cf-4c10-9e28-3c66612cbf49,1
ef30a225-2eab-4338-a6b3-680ec9b2c9d6,0
48bfb281-3dff-4f35-9b40-a7bc179ceb77,1
d46cd12b-1329-4f1a-ac4d-b007aa5fb2de,0
ced4c2e6-de4d-4821-b541-7de738069d72,0
fb13cdbe-b257-4152-b42a-c92495480a22,0
f19a8543-aca5-4f4a-8e47-d5ec36624289,1
113afabd-0ed6-4185-91fd-1d2be5d12c66,0
80c24738-198a-45e9-a879-d4b79b3c9ba0,0
188d7e12-3b05-418b-841e-4c061525aebd,0
37007cbd-2ae3-49ef-bd8f-ab55a3fd1341,1
4bb78d50-d610-4dda-a4ac-c4d69488d983,0
30a9fb3e-a76d-48a3-86d5-849cf6e0f553,0
ec7b334d-849e-4659-9389-aba386094675,0
6048648f-b6e8-4620-bdc9-f5f0747fa26b,0
34f17f26-d925-49b5-8fca-3fa4e645df37,1
0ce1f7c2-ba93-4b2e-bb22-0f5359055995,0
cf03b192-da0c-4f2c-b147-4ac51a405cee,0
3b4f4fe8-8114-4f37-98aa-f67a680fee78,0
d8aba6f0-37d7-4a05-b8d3-9ea0f956c8ee,0
9b6add1e-6133-4c31-969c-4375690165c4,0
46ee1719-c311-4911-8813-fbaa959b9234,0
d3273b77-0f84-430a-8a73-dba932d868da,1
c0984fe9-e50a-4a1a-9931-6d6226fe841b,0
a5806d57-46f6-422e-bb0d-7bcaccd18892,0
c2801b75-de6c-43b0-9af8-8ef35c8ceb52,0
83435c60-b293-480c-9e86-a59fe63b0629,0
6e397bc8-d987-4c6f-82f4-dc5f0096a8fc,1
61c08b82-c94d-481a-803f-1cc9f56922a6,0
6d620b78-926e-4da5-8f5f-c2a68f9d4e72,0
b671f840-8133-4900-a212-e4d5b5f85d9f,0
e785ede7-5031-4194-8c22-c66ae11e20a3,0
93b70c8e-ded9-4109-9b7a-afe067ebdbca,1
6c05d367-0993-449a-be1f-450d5a473a9f,0
8042bae7-104b-45f0-be90-7f22c6bd33e3,0
57cf97b7-6ccd-4c36-97cf-38d033a74e1d,0
e2a24851-b209-42c8-9754-894fc6b5501c,0
009061a0-de36-4499-bc3d-89cf6c82b6d7,0
abb7cf6d-1a3b-4bc0-9e5c-ea4083c35570,0
76e07666-97cb-48da-bc2d-607e0625e89c,0
5bba4c41-681a-474c-8f5d-b5019198360b,0
a6ec435e-7a99-4298-84cc-2ce8156c583a,0
2f25634a-6392-4580-8aa0-c47c5f343fb5,1
406442a7-8470-4e2c-b1af-9749264ff4bb,1
0d3c266f-aa65-4284-aa86-2921f61dd197,0
9afb631c-5259-4658-b69a-b3010e420a03,0
229c303e-5f16-43e4-97f8-573071768a80,0
56aadeec-bbb2-4e56-bb19-5068dea76548,0
1c97ac26-3a1a-4de1-97cc-d3bce33f4cf7,1
e7e81f92-ba85-4926-80b9-b33df0150c28,0
6a29557a-7b88-4c31-94dc-b7d258fd71d4,0
4b10cc69-0670-4b09-8638-a429e12f22e0,1
6e2cfb68-07ea-4c9f-97d5-1050ce446cee,0
3f8d554e-7cee-4460-ac43-b54c833fc630,0
260892be-fd52-431d-9b9b-ad82571e3d90,0
087bcb65-519b-4f49-8c49-2974a9fcff65,0
2e79825e-9d15-4f39-940c-8b488357340c,0
e9848b2b-8e20-43dc-b135-03e21ff98113,0
00c9fc10-4cb7-48ff-aaf4-b89435b87ccd,0
f0bfe03b-4945-4bd2-b7b7-32b4c775afe5,1
dd8616ee-52c6-4655-89be-6ef8d2285767,1
29b1853d-dcc5-42bb-9a3a-06419b1c53e6,0
15ba1f69-aecd-48ca-b395-d5362d88d191,0
05be6cdf-3f6b-4239-b7de-998ca34fd1d1,0
b22230b6-54a2-4b10-83d7-12235fe30b6a,0
88831076-a76a-4807-8842-e0257c0c6ca6,0
ceb1db16-5c5f-4e0b-a067-9220b6f253ed,0
fccf1de4-5203-4098-99d6-3d41708f3b51,0
42b9b97c-e044-4f3d-b647-a07aa6b91a1e,0
61145c79-fcc6-46ff-bbe8-8ab5cd1e1c28,0
01d3fb51-b685-4831-b5bd-258f4989557c,0
962314d3-4f26-4325-9842-3837e9ac9a88,0
8d4c80cd-72d3-4245-bf2c-b659c530f666,0
2ba60901-a8b8-4990-bb16-f93a2e4bea8d,1
8cbea4be-824a-44e3-aba2-b8de1d2852ec,0
e7b77590-77db-4e6b-8828-213af287d0b6,1
6635ff9c-fa5c-496b-85f0-7a4a23600556,0
58f2cfbb-14f9-4eee-b2db-179eb29fb1ff,1
d1965a51-73ca-464a-8ca6-adc50201a4f1,0
37c7c52a-0f8d-46d3-935c-619a9d3f0181,1
9ccc3754-a863-4304-bb62-f4a4e813e961,0
3da2b305-cef2-4d43-9c0c-27b40176c144,1
03cdae4f-e59c-43ce-bada-40793dd110e4,0
325d6db6-2776-49b2-829e-21354fa333cd,1
296c1b03-8b7f-46cf-9bb5-175bb4d4b317,0
cb20f6bf-498c-4b9d-8245-51f7dede55ae,0
31ec6fef-eedb-40f0-9c3e-f2ebafbb67a6,1
689058dc-6631-41e8-9a59-9fa668740076,0
8b9c8c44-986d-4bca-b619-524013a4f7bc,1
87f42a60-ddf2-409c-aa1c-6e02fa9926a2,0
434e0e31-9457-4daa-979c-dfd3ca9a8dc4,0
ae1bd9cd-9131-4c71-b745-5e4ce9553517,0
3e4d78ea-2a0e-451f-aff8-457fc6163aef,0
16b51d32-e340-47c5-8eec-558d111d6fc7,0
dfe72714-e52f-40f9-9748-2e5b1daecf24,0
24f58824-9daf-49ad-ac80-7674417e2e56,0
8f5e56b6-da7a-4658-a9cb-965137e4ed0a,0
4a070070-28de-4306-a0c8-6bdeefff867c,0
e37aa81c-d34d-4366-bf20-66b655c2dfa6,0
06688157-934e-4437-b31d-c10fddd6e84c,0
da1a4769-8f0c-4541-bd0a-1a6e7ca1973f,0
b9546ab5-5b2e-4c61-af7b-b37f155204fa,0
0a010f5d-d1f8-4521-bd17-7436513d6bf5,0
241947d0-0f52-4c20-bb73-294ff5823d3d,0
8942e165-4b32-43bf-b6e0-dbcdf0451f84,1
648926d4-dfe8-47c8-80a1-9498c84b3e9a,1
b077dba9-991f-4dc7-afcc-42cb41eb0d90,0
ea7e6d3c-d780-4f32-abf9-f92fee6b864b,0
1dc80f4f-0054-4586-ae40-babcea94d31c,0
3f9831e2-429e-48de-be7b-1460e02b885f,0
eca5ace0-8a5f-427b-8e84-eaee58619e13,1
61fcb9c6-7d83-4c9f-bd18-1793b9819ca8,1
214c247b-e656-40f5-94d3-5962dca0018f,0
4dc6340c-3fe0-4911-a5af-ca12b858e16f,1
4e9b70c4-a9a2-4e56-a6e3-fe378b0bc817,0
7658b622-96d3-4801-925c-3903462ea4ad,0
3e001462-97e1-4e52-9a29-56747e5a1300,0
6ca08038-88f1-4cc6-961e-6e93ac742f7e,0
8a7cb89d-4a3e-4389-bb72-a383973225bf,0
c29ad5b0-7849-4555-9d7b-749149b020eb,0
887c5e3d-f419-44b1-9adb-27940428167f,0
67ef2e5e-3666-4e5c-b286-c4db91ef7bdf,0
fea36b54-701f-419b-9068-d6aa6762deb1,1
77794649-41ab-4d9e-a5f3-ed9db5917a04,0
821dc1de-9eed-4b68-b415-573ab2271c0d,0
2582e395-ae54-4897-9e91-c22e7494aa29,0
16bec639-d916-499c-ad14-5f700fa0e8c3,0
9abdb9c8-294a-4b71-af64-a23266332e6d,1
6078be61-83bb-4a08-8391-53c0801fb220,0
975c8595-e247-49ce-a645-ab807d0ab63f,0
055884d0-483c-4738-8488-63c74f2b52f2,0
75317ad2-6006-4622-a840-2065b2ff1f05,0
c5dd4a88-469a-4dfd-b764-624562bca0e8,0
1ef880da-a885-4a12-a41b-a813dcfb8b59,0
8ea5f990-6886-4465-9c59-65f902e5b3b7,1
2b8b5a69-c6b0-47e5-a012-d97433b071d6,0
c3520333-2326-47dc-867a-cf6a8215b8cf,0
003e3da5-6b63-47c4-afe5-2ea160dcead9,0
c2ecdeeb-4d76-466b-8c13-9985e3ca484a,0
9e196e5d-7da2-4591-84c6-2e61dd4f0bc2,0
4fe7602c-b454-4a19-b4fc-a3181c876316,0
9d34a478-b978-4b46-a46f-b2782d646f55,0
c0b9ed17-850b-4dfa-937c-2e682228ea05,1
51c191d0-d20d-43bc-a277-0632bdb9af00,0
96d4c6fc-7b5a-4925-bcb3-829228ce7334,0
17e9d03b-c877-43cd-b54e-87787a900a0a,0
b9e37f0f-ed8e-4759-bb09-38ad125b5834,1
d5457deb-9f7e-4248-a7be-3ae47bca4b3e,0
7a8962b8-1e65-47c5-9996-b6f2bcdb1bc1,0
b905acdf-345f-4937-b0ac-5dfb982f1856,1
b73aabc2-062a-4499-8f72-be498ad93d48,1
a8178d8c-ff7b-4d86-90fb-f243fdaa6e42,1
a27e6525-3cbc-4602-ae2c-792a6e8ac504,1
0a56f00c-73ea-484b-8e43-471d19917ebb,0
94d8bd77-5a4d-4b9d-bf4f-2c54268a4a39,0
4628ddb2-2a72-4c0e-9593-4f859988f6b6,0
b2beb5e5-88f5-4348-bcf1-45898a32abb2,0
16925742-af17-4bd7-9f97-19ae502c243f,0
a3377e5a-7f45-47af-ada6-d42fc9655e07,0
fceadf57-119c-42eb-bf4a-a7653f1ed43e,1
0def6b56-e21f-4a38-aa85-8345c531460d,0
ca63a891-c73f-47c7-aee2-3de8f10c91a1,0
79d818dc-73ff-46db-bc75-d097c5274387,0
048e9b85-47ab-40ae-af5f-0006d135a4df,0
50115547-7d10-4e2a-be9d-fc70eddf3fb2,0
223d9dcc-0d80-4b05-8a23-75779ac5f15d,1
27a022ba-ed82-45d3-b902-c2528559fd33,0
5ca3d955-4466-4107-99a7-7263cd5224ec,0
7dd1c7e8-4395-4fd6-a88e-a8296642a391,0
32c04173-3438-4486-92c4-f3ee9425f6bf,1
236838dc-63d5-4486-a26d-0a76b69efe56,0
008b67ee-a720-426e-be0f-3943d8c1e214,0
39253260-e764-4490-94cd-8f8a52296513,1
76000a57-576d-4b90-ab0b-b1367b27f07d,1
0fdaa151-57c3-42bd-9ca2-7fa222ff3783,0
5213f8c1-8762-427e-ae51-8d6a2f864bf4,0
2c09935e-843b-4db3-a3ea-b98a69ce9b1c,0
f7059c1a-2efb-4c4d-8819-ff527e19abf3,0
ae191674-7f83-421a-bbdc-0587e28f944a,0
c43d0775-040b-4e90-bd26-7f79d03cefe1,0
4c4761ed-8b63-43dd-bfa3-825c7eeac4d6,0
86f595eb-2ee5-4f03-b3b3-52ead5c5df61,1
66fa67f0-4112-4da0-9832-8213513fbd5a,0
ca2f22dd-73fb-4ecb-9eb9-c9b9c6b3e621,0
917990ba-8409-4b1c-ba79-c7905988286a,1
8f597fd2-78d6-4d13-a37b-a3270192c7b8,0
251f7d0d-3561-42f4-a4da-c886c2eac8c3,1
392905a1-a1e3-467d-ad87-2dd39a61564c,0
125c2b57-3a30-45e3-b6b8-185b131a07ac,0
b5a40128-9733-46c9-af31-f421c589f33b,0
2c0cf13e-111e-4398-9868-2e5869a55ff6,1
b9deafd5-c074-4f4f-a3f1-ac7af9f3478b,0
ff0c79fb-596e-42ec-b179-80fbd2715268,0
df9d1fc9-91ac-4307-ad98-88f95fe3e725,0
9af7c7cf-46f2-4b9f-bc0a-3870189c3054,0
a405f0af-3564-462f-be31-742e2002487b,0
42acf725-8fa8-4bef-9bf2-d7692235f136,0
3967b720-4ca2-4ccf-a3f8-792413fcd8f5,1
deb563b6-f843-4ced-97a5-c20a51a53c29,0
201eaf28-76ee-445d-a80d-1523d3de7e18,1
4c092a0c-ba57-41a5-a097-831d1e1b85a0,0
703183c5-2f49-42ca-8d3f-245be8a23c4c,1
70b8f1bc-631e-4043-96f3-db75efdb893a,0
d2c1d760-97d2-45e9-8f0c-166d82e68801,1
f65f6d7f-73f4-4106-8a2d-9226c2314160,1
fab63e8c-a6ea-4bdd-a076-9242ab29ea5d,1
97336aee-e337-41ab-9fff-0e764f5cc77c,0
cb58e4c8-ec3e-4e5c-8e1d-b69e1e27890f,0
29c83a6b-5e51-48ac-bf8a-870100a7f08f,0
b6c97486-041c-4de2-959a-986f68a282a7,0
6e97a37a-87ea-46b4-a946-85cd3ab20bda,1
ae10b035-c49c-4452-8c4b-9a4be828953e,1
f250bad5-4099-4db7-9568-e7bffeef0abf,0
60805805-a414-486a-99d0-d22b619f698c,0
f9f1913e-998c-4214-af8a-2a9978d5492a,0
373bbe81-b748-4506-bba5-e29697e30152,0
0920f290-aec8-4ad8-bd46-b9af2ffd4d8a,0
50011d12-f609-4647-b03d-ccf55279a4dd,0
bc7ae1d1-8565-4793-ae4d-80674fe940ca,1
c5adde79-11a1-481a-81a8-e47f376e94ac,0
38e87a6d-e1c7-4401-9de3-a069c9418d6a,0
bea52664-1095-49cd-bfbf-26667219a30b,1
deda24ea-8d23-4ed6-9600-0c6b9d314ca6,0
9ca51000-a2b5-421d-8d2f-73f4ad6e8fd3,1
a516fd33-cca1-4d3c-bada-7977a146d26e,1
c1b405d4-1d46-40d3-ae9a-94bbaa03eb6d,1
d308af82-a51d-451f-b0c9-7e3b1c204c27,0
0d29fc7b-f732-44ee-ae48-b3de0908f335,0
a8e9ceec-ea78-491d-9fef-976517c72b78,0
e94d42fd-acd1-4ba0-a0c2-d46f8593a5e2,0
055beda1-45d3-412b-92c4-fc82d237c3e2,0
24dafb2d-2186-41b8-af2c-2d41dcb23a3e,0
61b8d6e4-80ba-4e6a-9459-984e07fed71a,0
c1babf2a-33a3-49b7-91ce-4c6f62056465,0
8476fa5a-fdc6-41f9-ad3f-88a999d1a556,0
260397d5-ea24-47d6-9d61-5c3a327b6c08,0
dcf5e89d-550a-42cb-acbd-3d336e203b86,0
948cf1b2-d225-4103-b8e5-858304c0a91f,1
46e0d4b6-f293-47e5-ada6-ff8ed62d752a,0
0cb39330-d2dc-4229-8850-e607561e0098,1
3e6b24de-1e02-4e33-814f-1127b089ca27,0
7642b921-d213-4ad2-81a8-fb0b6095c551,0
55150d80-6e82-436e-b678-929b787a735c,0
1c09ae75-e6ec-45c4-a5fd-76a8b2d0759c,0
d1c26f51-da32-47bf-89d3-eed99fe8df2b,0
bdb13f4d-3281-43ee-a469-91858a8f1c54,0
e145aaef-e06e-46e2-9ed7-b52fec5f69a9,0
0fa5f262-947e-438e-8f81-6561af68325f,0
b4dd9e03-86fc-47e1-acec-c6a76f37884b,0
4edfb68d-5ba6-4c17-b356-f7e127c56e86,0
9f2efbb5-c650-4dc5-8df5-3c486a1ee49c,0
103bfd85-feb1-4a12-86ee-9d7b65c2a0e1,0
b90849f8-4422-4a56-8890-00b103b178d6,0
98457fb9-780b-4cb4-89fe-5feb32bfa5cc,0
e277c648-400a-419a-aaae-769f76a0f004,1
6af1b198-2c1f-4b73-b87d-959029295b4d,0
7343f7a1-eaea-4ca2-82bf-77c1bb016a76,0
295adf6f-8b8b-419c-9002-aee538a05100,0
20185aed-3589-444c-a6f8-55c9ad72dd31,0
eb7693a6-2fdb-448f-bbb7-d9dab131c8c5,1
1a31046d-f6cd-42b9-b238-6da39a596542,0
5bb9f545-b56c-4fc8-b6f3-6197eefea803,1
dbe768fa-5d00-41bb-92ff-1b183286c662,0
38e46d6a-ab6b-43a0-83b1-0863a488604a,0
8c98eba3-ad3c-4146-b1e7-8a6a96834466,0
aa77839e-0198-4b34-ac98-dc6272d7a160,1
cff50aa6-7e93-4d34-91b2-d1ff01b38002,0
9a119b23-cef2-42b6-9afe-b5ceb07a57e1,0
f67ac62f-27b4-4c48-8915-fb80e1f5128f,0
5b12524c-602e-40b4-acfe-00d3078cabb3,0
30234804-371d-44d3-ab30-fc3c61ef8b6a,0
57aec7c3-1355-4604-ab72-3531140492f9,0
e6974521-9141-426e-a055-68dd89439e99,0
eba3631b-a0c1-4429-8c69-9cc4fc410c2d,0
f55076e7-c55d-45c4-bed7-8d73c3ec1e27,1
a3f01238-e5ca-40b6-b2a5-e349a39e9e7d,0
8d8a8fc3-0fc9-4a71-a475-013d6c9aca6b,0
ae088ffb-da21-4504-abca-eb696fc92117,0
7be986a0-74ce-46c9-853d-2f690d8f67b2,0
9153ecd7-9611-4ed3-9849-b876c6fe0f2d,0
b125ccf0-9310-4248-aba5-daf0c46ac17a,0
13b9d856-4cdf-4a32-866c-b3c7224d185e,0
9b91ae7b-91b1-40d7-aec4-32d6738279ee,1
b469e9f7-3025-413a-8d40-37596e315db0,1
0bf5058a-2a68-4b54-a93c-f79e7d995fb8,0
d19a5c7c-ceb8-4290-b9b6-d881f1f941a8,1
a7b42bdf-8db8-4883-930d-26452eb7dfc0,0
e99f5a96-aa39-457f-b50a-3acca16c0d5b,0
44e7f566-b34b-4ef6-8c35-60395f26bec4,1
e381094a-2c72-4a6d-a513-c690d876cbc6,0
00c02446-51ce-4a6b-a7ec-47cf780c3be1,1
428c79d9-d44b-46d0-b729-cd6f438287be,0
8c0f43fa-59dc-4d58-9500-dad5d944ea00,1
6889a651-e718-4033-8424-fd0ebbd41b0c,1
b224f620-f1cc-4bca-adfc-dca7f1f9878d,1
7f0f404e-1b05-46ab-b46b-522eb34ba39d,1
14bd0565-646a-40e5-9e78-16cf5aca713b,0
7ad8b345-6b53-4803-9935-2c3b7d1d660b,0
abc79e04-a238-4ee3-8e28-a7806c71f0e6,0
70ebcd18-9be5-44ec-9366-67018ea01a3a,0
cd4e3d1c-f343-4443-910a-7a4d697be6d6,0
aad747da-18b9-42e6-93b5-7936161149b5,0
a81b235e-8f85-46bb-b93f-ced56223efa9,0
cf7778aa-641e-462d-bca3-5393394738c7,0
e0bf01c7-9220-4ac7-bbd6-b803fc8f3c29,1
74415d51-8095-4297-bdcc-0e7425016d7d,1
a35bb659-16e3-4284-9ac0-df4e7768f564,0
514ceb11-b7a5-4213-90fe-200be62dd8c0,0
359909ba-0c7d-4580-81f4-381512c08960,0
000ecc6d-5a28-4975-93fc-7cf002974c7f,1
4ef67632-7184-4ce0-b076-a1ac872f5915,1
724891c3-29c2-4bf0-9fef-81aa374a019f,0
1a125728-e0d3-4a7c-9158-59d89d320cd9,0
1b45fa56-0e74-4d56-b085-26b00eaefb20,0
65f40be5-3d3c-44fd-b57e-b79ea0b551a2,0
db3eccef-5bc4-4d6c-99c9-185336923848,0
16856804-1a95-47c1-9821-f5eebee66d7c,1
7013d216-d72d-4f27-8bc2-5efe2952a918,1
b1d7df36-a62d-41f5-9810-3885291c2c60,0
e75136d7-cb7b-480e-8444-46480bfec4f0,1
23e8fbca-9233-42f7-a492-c1691da2abcc,0
85c79e9f-0e69-4437-a2c7-47cafd0b676e,0
00aee799-e47e-447c-9008-5180b378445a,0
6676ca6b-3d03-4c65-a4ca-4b64c3b17ffa,0
b63d566f-ca69-433a-8d66-b10a6651c360,0
355f92bf-d668-480a-9f8a-c683421adf2c,0
f3219982-ac78-435c-b50d-a24c6d7e75cc,1
d2245ffd-2d58-48f5-93fe-c1b835188d9f,0
fc575986-8626-45f5-bb72-ffa08c1aedf7,0
90b1c58f-21fa-4ad1-8f02-d752624fe0a1,0
bd35d192-da18-42af-a4a9-cfd522dab3ad,0
eb88b50f-cdf2-4fad-ae3d-6f4fa8aa4613,1
693cf931-8144-46f2-85ef-8ee80f6315c9,0
35932cfc-0444-499d-9edf-fc448fd15d37,0
8eda5310-8872-441c-8b26-f338402a9829,1
17380fea-ddbb-4889-9f05-cf720c3a3930,0
a4b62845-a5d5-4588-a311-52517a070b3f,0
2665a89e-dda5-4d32-9e06-c7d017309e1f,1
734ad35a-601f-4a18-9bcd-6004fb170e1f,0
3468816b-314b-4966-a6c1-715170ffd793,0
28428969-facc-492c-80d1-38c17e0f9e8d,0
2ab5e24e-8942-4a25-8145-04c55e0f63ee,0
33aa55ed-97c5-474e-82ac-520a9957fc61,1
c5214d7d-3ddd-4539-aa55-3273e2ad70bd,1
9e598ebe-3814-4c5d-8d4a-c0d4f0735428,0
8ad93862-de2f-45b4-b4c4-229ea3211003,0
3702c919-68a8-4bde-8e28-1cd47e65d4ec,1
fa9f2783-bdf7-435a-9d8a-5253fe4d9264,0
9db7c35b-2b1e-4ca1-9b96-a7f52e9e1410,0
c859f55f-101d-4c20-b723-14513a81e53a,0
c2ab42ed-fa91-4ba7-b334-75a014e5b607,1
f398d6fd-0565-4ea7-8d21-d4ca758637e8,0
564e1c9f-4e8f-4b20-91e2-9950fb90b913,1
af5a03f3-4127-45b6-9557-0fd0b0e87106,0
dc65e054-bf59-49a1-bc78-c4be5bbf8fa8,0
0144f150-edae-4080-991b-d011c6b3a77f,0
d3abd250-4033-4960-a470-18911c143808,0
e0659c4e-f1c3-48d2-98e1-6e273a109601,1
90597e22-7fcd-40d5-bd8d-36e9ca56a06a,0
c3e112d1-777f-416f-9dd1-bf60b65f6b13,0
ed46ddd0-eaf8-41bd-aaba-e7b967bc8442,0
ee60e879-24e3-4dc9-95ac-f3d7a6853af1,0
6ca01555-369d-47be-b742-8f183f91d267,0
5128f19b-fb15-4b8c-b9bf-72738d6d9120,0
8ecd36ad-5abc-45a1-bcbb-db48ca668755,0
77030e21-0bea-47bc-a2c7-8c55498b1cce,0
2283bfad-581d-468f-9483-6db1345f8a9f,0
8f23214e-106f-4545-9078-162c947add0a,0
4f0dd863-1758-4be7-8e17-15c4bbdd25dd,0
12813264-46cc-4c04-a437-bf7bbedd05d6,0
64bcda75-92df-4f11-bf50-abad5803bda5,1
aa61810e-2107-47f7-8920-8dd939cb4f4c,0
07a2abcc-6035-4b08-855f-dfb62fb74b33,0
54258694-a75c-4132-b21d-b40852ecc6e9,0
74c3df25-f4fd-458a-93cf-c5faee640224,0
d130615e-95e8-4079-8b34-9d439476819f,0
6232ffe7-fd60-4fb0-b306-bc29fc09ff93,1
d1f1a125-fb0e-4d1c-b57b-f5d19c70f69c,0
ab5f3017-abb0-4ce5-ae17-5f670b32dccb,0
626ad21a-5c73-4633-bf02-a3fb9e6ae787,0
9cc14472-eb08-4e8f-bad3-bad2ff80e35f,0
fa49bd6f-6cc3-464c-bb0a-8423b09484b8,0
6708a763-0b6e-45da-b377-e62842e6589c,0
b3593b0b-489b-44b4-8eb4-12b7940aef2b,0
e095c05e-9215-481a-9683-fa4bfcdc1fbf,0
c5229e44-ad05-4d4c-905b-8d20b76b6a00,0
d1d2182f-45c3-4b68-9ece-98f35c914e26,0
4a53d9d6-24b4-4a3f-85e2-68b435d01507,0
fa4aaff1-5916-4e6d-a48b-0698b83fc863,0
4fc6316a-18dd-46a2-83f7-5c78c897acb8,0
85f23c94-e3dc-4045-9592-cfe5830ea60a,1
366b2623-d46c-4fd7-820f-45ec68c40ef1,0
588bab02-73d7-4448-849e-7d4443565668,0
bd1e1c84-29ec-451b-8428-62fbecaa0dab,1
485298c8-5efb-40f7-8f5e-646c450492a3,0
880deea4-74b6-4fab-812c-a49b3b8906dc,0
cee5d444-9cde-4fe4-b313-fca0877451cf,0
01e81236-2178-4076-a895-6258552f304e,0
642da7ab-2083-48a8-a2f8-852cffd5e8ea,0
7e473faf-dad1-46c8-8b53-56dd2a25a203,0
5b442917-b6d5-4119-8aa7-c1f77027fbf9,0
81eb9c6e-7a06-42b0-ab90-ebd27b312cc5,0
08f284cb-3c2e-4100-b586-8462bf73cdbe,0
c098e0db-9e80-4b7c-8194-e3d0afd0bfaa,0
d831e7c0-a743-4127-8c43-dcd1086cb1ad,1
9460954f-baa3-41ca-993a-50d74e82ba2a,0
8f8a8854-60a6-4996-8aa4-cdafd35112de,1
54975a78-98f3-4d37-9a33-e9992c4ed157,0
c23d1b09-fee7-4fb6-b104-bed9b54ce6db,0
21bb4a84-d1d9-4ce7-80f0-e92d512507e2,1
01fd8532-8efe-41b0-ba39-aaf48400c5d6,0
a5c9e533-d636-4e52-b4e3-2e75010567e6,0
4ec99e62-e7d4-4445-a7f8-d050a29d3cc7,0
ad08f1b1-e2a2-48ce-a23b-3dddab6dba2d,1
5bd6760e-bf19-4a24-b7fb-2902564db33e,0
875eb3b9-6a83-4da0-b239-751d47244351,0
f4568466-54d1-4e2d-a763-226de15b04dd,0
0d8bb0da-6dc2-44e4-819d-53a4019ea6ec,1
af505faa-fbce-479a-9527-b6057a302e23,0
dc5a9147-5796-4ef1-83de-dad3586ee41d,1
978a1b84-6ee8-4e20-a691-39a9feb8947b,0
42bbc7b5-1993-4272-9799-1a88b4cefbf7,0
5c95f092-1f30-4909-88b0-c76bc6cabb5f,0
5a61923c-285f-4f40-ae23-464cc24055f9,0
82aabfe1-8d88-407c-b4b4-97e1a2767a44,0
7d9e98ce-1db3-4bc1-9607-676683449f2f,1
52825db0-9b01-4302-8ff2-fa882b34168a,1
3be881e0-19db-4438-bed6-2472864ae35d,0
ee8a8fa2-9789-4136-964d-71f3e32a0f3f,0
0cb22659-a312-4790-94dc-1137dfa3862f,0
dfe8a4c3-1bfb-4c7a-ae19-20a324a77145,0
650d716e-9897-4d1b-8d0c-735d209746dc,0
c8ce7690-30e0-4273-a756-30d78b04015f,0
9b0b516a-8895-4e7b-81c6-0d162da87ac6,1
582c268c-3663-406c-8410-4eefef319099,0
c4704478-7224-42c8-95df-9b15d7189f16,0
1c1897d6-32ec-4a27-a64d-1fb30863a726,0
b484f6bb-9513-445a-997b-a298195f0b56,0
a4e3cf03-1f59-40ed-ad4f-f8b248a400f2,1
dd34bdc2-9eba-4770-bf22-82906ecfeb02,1
49d82cdc-0ffe-4a59-b4fe-02ca06a3ef53,0
42065164-aa19-4739-8814-fb85384e66c7,0
4db0cda7-57b4-4778-bb7d-b92df83bd2b2,0
b7f00049-66a9-49c9-8d5e-47be43252087,0
e1d2f435-aec5-471c-9507-f30832e5a9ef,0
fb761f78-8865-4666-b3bb-983e198dab33,0
cf22ab2e-e57c-4136-b1ac-1ff2f01e5298,0
32d79754-ed7d-4bc3-bd19-3e95ac1f3094,0
c20fe5cb-b6d0-4a31-b74e-1e019f079d6d,0
f5108afc-e9b1-45b5-89c3-b63ebaef251b,1
d8c5d6fd-9b81-457e-8391-ad51c6d245a9,0
17cbab01-ecf9-4a2d-8109-8fbe5efcaa9e,1
f6767560-cc1b-4f04-a04c-13aa1604f5b9,0
e9ce4342-90cf-49f7-8b3d-43fe8159bdc0,0
01fbaf28-ed11-4b7b-8bea-f5ed68e920c2,0
bc8d8ca4-0037-4bf5-b44c-51d119e7de07,0
6e297622-39ac-4dfb-acb6-1bd871156e8b,1
4c176795-937b-4126-912e-b7ca189cca1d,1
2a2d5622-c3f7-490c-83b8-6af2675cf165,0
7357498e-3d19-4483-8544-350635becbb8,1
f976c7fc-477d-45d6-99eb-0441b9a28326,0
d1e61165-ea11-4b28-88c2-625725fc87fd,0
ecb84808-c50e-4f93-a6f0-dd095082a68f,0
f0af01ce-0756-4542-9612-bf4681c11d25,0
3be9579f-a9f9-4704-b827-66c4e9cbe953,1
9555bf11-a15e-492f-8333-afb56d26495f,0
7fa91913-84a6-458d-a60b-59139a45fd18,0
ceacd1cf-ff78-4d32-aeb7-996286726a8e,1
568fa80f-f3f6-4423-9d58-18e418b3876f,0
eedb830e-d930-441f-a184-8274310bb9ad,1
862a3198-9fc6-404e-9052-852b560e55f0,1
3f71b82f-d26c-4439-b7d4-f099da924041,1
3acce7d7-9cb0-4f99-90f0-0a8e6cff3796,0
a6de60a6-213e-47fc-a87c-057064590d24,0
39267c21-b688-477b-9f34-54af28289380,0
cd2cbe1f-5735-43bb-a752-ec9c3509d9e2,0
6c31c086-9f05-4141-b5d4-0cd56f3c9c8d,0
4cc605fe-ca2d-4fd3-ba42-14d5c6a32791,0
eeda8619-93b7-49e6-a7e9-eed48962923e,1
10f86464-906b-47d6-8587-423f42971c00,0
63b14560-a35d-4983-a173-75db356c0d76,0
a90da634-4d08-4eb4-bd35-dbd279466924,0
68bc5244-6566-4cd5-90ed-5c37eff2cf5c,1
314660ef-b510-49a7-8142-21caadecf16c,0
9ef3e0d0-e4a0-44f2-8a5d-8fe7f645c6a1,0
0aa75f6a-888a-4e33-b40a-e408cd9ff487,0
6a7478ad-ede0-41eb-a3a1-00a123d5ea4a,0
f7b2dc5d-ecb0-43ea-b684-b50d22b05ca0,0
9b9eaad8-a7ee-4de9-abca-d714013dfb58,1
c84f2f6e-972c-40ed-856e-3f1f58ef8e00,1
5b74785e-428f-46d8-b6a3-b7bf45c130af,0
22799058-ac2c-42d7-99ca-48fc975b6fed,0
442a7854-78ab-43fa-bdf9-4a017fffdcde,0
8abf560a-7653-4c07-8d50-ec25a675b69c,1
bfc764b5-c53c-4858-856e-b9c33177c369,1
b7215c7e-df76-4ed7-89e6-97916f1d6c16,0
85b299a8-30a9-4b59-b12e-2fd31e6d23f9,0
365a8558-6047-4f43-a077-6d881969b6e5,1
27ad9195-aa10-4622-8b39-36a70a7afa0e,0
368384f4-302f-419a-9611-03b61cb3e064,0
0b80fe5a-00fe-411e-a297-f5ead73a5964,1
b007cce2-1516-4427-a9a0-2f536806a25f,0
2d7feefb-2f6b-4c53-a48b-05eea87701ab,0
7528918b-ae71-43a1-93c3-a603fd72bf54,1
2c0120e1-e5f9-4d04-a12b-b26531762106,0
f06776ef-090b-44ee-b68d-37f504e6272e,1
db2c829b-fe13-4596-9a0e-1e52835ae96e,0
9b7985c4-7d6f-4e5a-9ccb-939a59d6e5c8,1
2a67993f-8f6f-48ae-a5eb-b1a1fd5a863e,0
447531e8-82d7-4053-8e7d-a8a22e4c8428,0
9374c18c-e9d5-49a2-8f06-38fe569cbc0f,0
78feb887-2e79-4c08-8aa3-82eb091de6f2,0
c189dae7-e403-4013-a20a-93857fcadfff,0
09ed4fb7-096e-4818-97ad-5caab21640f6,0
2bda6006-812c-44c1-86ce-d258fa924160,1
4ff407f5-90cd-41ce-8049-a6f2947f9609,1
47ec611d-a2fb-4bac-9790-4629e9f62d61,0
a7f1dc36-8cc1-4e68-b307-33b9a1a7a945,0
024857c0-eba1-458a-aa51-d27412fb05bd,0
c66b2729-2430-4c82-a60b-40ff5327ae3b,1
59bd6b18-ff13-4867-9879-a28eb8be7f5e,0
1191f5b6-38c0-46e5-b46a-c60a48d5898a,0
9fcf8570-5532-4087-b3c7-8084d653c7ac,0
6ede9db0-1256-47e6-84e3-bdfa48e4b278,0
6d50e22e-0920-4dfc-8365-f4247ab3fa4a,0
d81eca33-3361-4e5f-b6d7-5e7022a6e9a0,0
97a15dcd-a4f1-44a9-942b-46438118fc2f,0
f93b080d-42da-45a6-a3aa-250e955352aa,1
34628951-0994-4ccd-a1e0-fd51c9e91026,1
384c4bbf-a0db-4ddc-9925-abcec42a2f76,1
2bcbe1b9-9a12-4bdf-974f-7b7a25339ee7,0
4b19226e-a1ea-441b-8c0c-139b03f545d8,1
570c9a41-b54a-4e3a-a2bd-76adbade76c2,0
94d17dce-fdfd-4a19-8457-6bba73baf0c9,0
47f2e4d4-af4c-4535-aa7a-b9cb303e49f2,0
019fba14-76f2-401a-9e67-a3c5709ea1d4,0
0cb68747-c057-4427-9c49-72f15c907a80,0
2021a766-8b0f-46b8-a5bb-938435ebd084,1
755da4a3-3f1c-41e9-ad37-8d7bb81912a3,0
d9badc3d-24a2-4aa4-a148-575eb3fb28ff,0
101c285a-126a-48d9-99c2-c455724e4775,0
2e12f52c-aa5e-4e34-84ac-8bfe3597090e,0
98fc2130-ca0f-48e4-b8ed-932687c7c75b,1
aa1694bf-66af-4eba-90de-3bade36ca03d,0
0e6ee7cb-f467-4cd9-a91e-cbdc7c3744fc,0
87e0eae7-4c0e-4ff8-9c3a-235f9e8a7d46,0
be9b3419-1c9b-49e6-861b-d9305aaa80a7,0
18dab75a-6eef-4ca4-9d3d-d01bd3fa98d7,1
550acd63-9f01-4cdf-8270-585e0547592e,0
45306275-eb4d-4aac-8c4f-61737bd13e33,1
d463a6fa-1a96-4727-b4a6-d75e029c4582,0
5f6489c8-4105-41df-9409-f99f66731225,0
21f40a94-9ad9-4cf7-8de7-7adaaad6566f,0
86e61f49-a2d0-4d1f-b01f-b760126b967c,0
c23a3cdb-da56-490b-9709-379d48c2b8a5,0
ffbb8217-7ad4-4e1d-bada-3267c1108e69,0
9f2d276c-07cd-438d-8ad9-553843bf8af2,1
8fd0a752-90da-4386-af53-d8ad4f2ad39e,0
986d874b-c224-4b98-96e3-eb1f3999271c,1
5419a155-8026-4093-a004-74e6455c1101,0
6eed02a5-0ca6-4347-a62f-200dc478144d,0
8a91427f-b64c-4b99-a1d5-0677e2029da3,0
ddce82e9-4c75-41b0-91ad-2fd8533bc5d2,0
8aed018b-0ae0-4406-ba27-fc9746b093b7,0
a5a05115-c01c-475e-8edd-1371eaca061f,0
d096293c-4dc5-4c6b-a4a5-4a54da2243d2,0
7d6f4ce0-3ab2-4dbf-8341-f0f110057181,0
135b7253-b02d-4a73-93a6-725828eed1e2,0
63212d3e-cc13-421d-8b12-7ac37f8b77bf,1
ebae59c7-64cc-4746-83ab-c04ae35cb8f0,0
a7b38e2d-8a65-46a1-9625-d8f261e5e646,0
a830079f-0803-4d0e-9cc5-403b2c33fda7,0
f7f97967-3db6-4e55-b804-9779585f406d,0
85deb1cc-4222-40fb-9f22-4b597e2eb567,0
89a28ea1-8993-4558-b60b-e967973da211,0
e3e357e9-38d1-4e0e-8c6a-89bbe90586b3,0
7f5014c7-30fa-4977-a428-02c9c8c50743,0
a33bef47-719b-4b15-af0f-83eb0f61b436,0
907b9cd2-1286-4b68-9cec-4c859ccc2209,1
bbf466d9-30e6-45e8-a6f8-531e63754b4a,1
66d10a64-c371-49be-bbd7-1189cda2e3cc,1
f967e0b3-6317-4a2b-a9c5-279aa19f7c29,0
a373515b-7c5e-46e2-be2e-8224bc994559,1
9463145c-fe3b-44a6-816a-982141a33f02,0
10f9af41-46d6-4df6-a5b4-165edd037ddd,1
797d705c-2c39-45f4-8925-cb02e2112ae4,0
c659c848-e28c-48d3-8e32-4f6def324a99,0
8695c586-8446-470c-8309-88cf6d9c7041,0
fdb4e387-c011-4f74-8967-a494256d45c2,1
671d550a-0bb6-4bf2-96c0-283e6612cdbc,0
caac163e-61ae-4912-a1f4-73a838bad6fd,0
73ddeb52-fb4c-4d00-8474-009b767f797b,0
d8326821-eb10-4996-a5b9-2a8602decab2,0
0dd5c326-73ba-41c9-a53b-e8735625b389,0
2c7516e9-3bb4-4e5e-b1d7-9f53321be295,1
8eeb194f-701b-443c-9503-a3c8aa974b76,0
8051afd1-c9b3-4aa3-a101-83d6159030d2,0
c705eef4-daa6-4346-8d96-a970fbc2c015,1
e0145708-3807-4a45-9e81-77095646203d,0
b3ece67f-6e2b-471f-8bbc-a530f66d47fb,0
2a400680-2dca-4661-b2e6-74be76620c2f,0
d1ed8959-26e3-4133-a220-1eb79cc8fd88,0
40d49a78-3da2-4184-870d-fc0594c864ef,0
45ea4905-cf7a-4dd1-a238-730088fb0ea1,0
c61d5161-816d-4b93-af19-6b126566b364,1
11353bc4-2a01-4034-b970-cba645ef5f57,1
a9478ced-f95b-4c09-ab4f-5baace1f3f34,0
f34d4376-1848-4e49-929e-696ce4356184,0
73b21e34-b9e8-4955-884d-28450701b4c1,0
d8bed0fc-4302-47b8-9aaa-6e400dea7348,0
4fce48d9-73fc-4024-af9a-26db1f07a2ed,0
c564d2da-633d-4499-b3c3-ea922bdae301,1
62183d4f-a08d-4b0e-bd99-3f4f1d2436a2,1
18554bd1-0e1d-4821-a9cc-e6f1f3ce72fd,0
ee9b6477-276b-4e21-93a7-83e10807143f,0
43f9c2c6-4d0a-4c7f-9d34-0db76b1cd38b,0
ee4bac49-d030-44cf-bb80-143e7b25eff3,1
d382c154-460c-4a5a-a410-f5f564872954,0
985bc9a9-069c-416f-926d-79f9f82fba5a,0
90fd27f4-a9ad-4d0a-b684-cdce497e440d,1
89843247-468d-4228-a852-86977b18b4b7,0
6412c1da-3529-4915-9080-aa8c27fa92c4,0
70ea08b3-f066-4e3c-be88-4ea39f1cf0b2,0
76d8a347-4b08-494b-9027-9f6ce8d30ab2,1
d4cfde59-438f-41b0-aaae-00758aebc21b,0
690853d5-a645-4972-8a58-1b2f11ef2c36,0
4815ce08-ae77-4438-ab65-97fa547fe0e0,0
13ee6c44-60d0-4d85-b613-e16d64f4c3f0,0
00a00582-9565-4578-a3cb-63af6b54a34f,1
5a689033-7e8f-4ebb-a170-0734c9f6183b,0
f126ac8e-09dd-43f8-b1d7-d06321e805da,0
b1f383af-7d8c-4549-bf5c-a650188d0d2b,0
d29773c2-b7b9-4fba-8cec-550897b8ef9f,0
a5a60a7d-294d-4eae-9665-d7351805f4e9,1
55b34a0d-be95-4f3b-9f9a-fed06315ffb3,0
edd241b5-23c4-41d9-af32-dce368faa5af,0
128492ff-6c07-4ce3-b2c2-558263ba854d,0
0ee605a7-3c20-4723-84b2-9b358310e837,0
d69fc25a-9473-4703-b51d-ac6fc6a8a947,0
d4bfabdd-dca0-4039-a28e-13e71573dcbe,0
28db0e12-4a3c-4c34-ae25-72cc3a620c5b,0
51312ffa-01cf-4064-870d-4fc859dcf008,0
2d7b510d-7fcc-49a1-9fa7-309a32e74996,1
d365c7b4-d514-4003-9bbf-7b7cea6b2b2d,0
227b7193-c8a5-4dd5-acfa-bee3dfb06ddb,0
5d00d31e-9e9b-4dfb-b2d6-a8d65b5b8e39,0
8f4ea794-16d5-4ef9-86a2-d203e266f5dc,0
2c20e63c-6c54-472a-96b7-753a456da900,0
994996de-9f80-4423-b2af-9d90b1c5c288,0
ae212712-92d4-498a-8442-0302dea0f2f1,0
62a11913-bead-4b5a-b57b-d132b48d491b,0
0a763cb6-e317-4523-b1d5-18c3ffbcb63d,0
2ef63edd-9fa9-407d-b2a4-46a325bf1762,0
1fee741f-ab30-45a7-b8cb-149d5a10a7d1,0
69a78c61-632b-4309-98dd-6c0b978de0cb,1
111a60f3-ea6d-4175-ba39-5d0bbbc5e9c1,0
f911b315-f862-4641-91ec-483ea91c22ff,1
5a9be10e-f193-48c5-80a9-1508dff5dcee,0
c14ee4c3-3adb-4846-be71-59da26d698ec,0
19019dfb-5fd5-4ed1-803a-b2f57cbfca19,0
f8c0a2c6-9e5f-4711-8045-c5eab45e824e,0
cc53a0ad-1c5e-4a43-bede-6b60c8870f17,1
22fee5db-3f8f-4e42-b469-236e72462c0a,0
683a4633-e708-4f3a-ba5c-040840baab03,1
3369b2c6-03af-4f1d-83cf-151ba0a5854f,0
9bbe6a09-6a32-4027-bb52-40086cdb74f7,0
509c4e11-b620-4db3-be2a-e99050f63488,0
93968c54-3925-4a3f-8e9d-313754a42dbc,0
d4e90e28-902c-46c3-beca-03aded35e96c,0
a9242aa5-a35a-4fb0-8457-f2902c4ddfda,0
c7426eac-e089-49d7-b05c-c83d2aec3245,0
51f546f6-65f6-49e1-a787-b4ed1f935b9c,0
095f7afb-7766-4e12-8c14-3478ddcd652f,0
5b22c6fc-8af3-4f02-aa5e-40f8b31200ef,0
c36a5572-026d-4f4f-a401-b0a196a5f861,0
1632d26f-c515-4c2a-8972-ac9a3be79a65,0
f8351463-886c-42ab-a8cc-764376ac0b8c,0
bdf89411-5b9f-4fe1-95e2-47d975d9987d,0
ee5e8c82-daa2-4abe-bc68-81604943aacf,0
2dd42549-507c-4255-9e81-f0fcc1b45ac4,0
1d87224d-260e-474f-a2b7-69fe5b1fb7d5,1
cb494ceb-9ee0-4a81-b4f9-c9a7f0eb3b0f,0
a93b19ce-7bdb-4233-9332-a7a52f520ec0,0
2f9a804c-8ac7-4014-9b11-e2a0cb03f011,0
7f59613b-1467-4fc2-b920-fcada5cbdf4f,0
eaa793fa-68a7-4455-b4e8-f76e838d11f4,0
c31bf6b4-d3f0-4279-9d78-c42b396d9627,0
73fad3c5-b10d-4999-bc25-6dbfdf7a02cd,0
b786b843-a827-429b-b62e-c35c8cc7f07e,0
aeafa6fd-780e-4cd0-9289-d88cd534efe9,0
950b1544-d570-4195-921f-13c057edd3bd,0
6d91fb27-9182-4af8-9480-6fa41293c7f5,1
3f17d450-a569-492e-bea4-155107f9e9a9,0
7ea09500-9e60-4ab8-9bc3-f2a61ccd93f4,0
49cd28de-6ec0-491d-9c72-24e939cc62f1,0
682842d2-2fa4-4dfd-9d1c-40d7efa2dc46,0
d0ee5944-9dae-4af7-b8f8-3a8782c65ba7,0
80ff1d95-b358-4fa6-a464-887a0eebff9c,0
b395c970-2f1e-4236-a43b-55eaf0d304b8,0
84511452-0909-4ec5-81a8-dcb9a8a9ab5d,0
1b5e4892-eb79-4ad2-94a7-488fe7ec7065,0
8d2004a8-b973-4257-9bcb-66fa14e463c5,1
e9b65c35-083d-4307-8544-246cda1c5b3f,0
f69ec14a-4a1d-423f-9b5f-d3d415016041,0
36dbb7a5-d50f-4c27-97bb-819e907aa521,1
90707fde-7a4a-4e8b-bc7b-d1228387eda3,1
e71a9462-2cc8-46d9-86c0-21870cf651d4,1
85ae771d-e7ba-4654-8cdd-1fc00fffc1d4,0
e25bd668-ae33-49da-8bfe-5f30cfd4d352,0
35feec20-15ac-463a-8926-e2820c50fd6d,0
ff368cb3-336c-4c55-8163-b035a88d512a,0
5da53817-5c63-46e5-8e49-b805c2164091,1
1234791f-4bed-4fdd-8759-7bce6c34bacf,0
1fe8f19d-38a8-48a8-9eb3-c02da1e9c1c3,0
63aa4951-d916-400c-aa8f-afcaf603fe31,0
aedf98e8-d3a1-4bd8-948b-8a56dc978399,1
d530750d-5d30-45f8-837f-704c4bd66d4d,0
12af9413-3ef4-47e6-b9be-a8252ae560c3,0
6cfd9b20-8868-4fee-98ca-5e3950f944b9,0
3b74a2e6-221b-4d33-a39a-5798798fec98,0
7860dd53-e8ed-4778-879d-5dba1e4bacee,1
756e7d13-7ebc-4b7f-8033-44f75b070a9e,0
ff1726dc-af6a-4768-a908-88e990d2b2b8,1
ffe68602-bf1f-4aba-bc02-1007d24ded91,0
89ea9988-eaec-4038-9617-707658d71966,0
e94fe90c-59af-45ef-96d2-084f45082044,0
312dc720-4e7d-40d3-86d3-25879a2b6f72,0
c1ff0ef3-92ab-4c96-a2e4-ca0224f1eb5a,0
374133fa-c1a2-41a6-8791-8de44c3c53f6,0
fe4e709e-31e3-4500-a634-0bf6b6acdd97,0
3479322f-b5e6-4e20-afb7-d8cd57c2acad,0
52569379-a782-4ac9-bfde-21f76fbedf5e,1
94459141-2053-4bf7-b6c8-8239789b1888,0
736c0284-0e30-4a66-ace2-e1b8a27645b0,0
f71bbc1b-0bc9-41b2-85f9-ea95f46cdaac,1
597be8ec-b5b7-476a-bc6f-b3a54ea95dc9,0
97093f77-b280-4f74-80a6-d25296e5285b,0
7ce090f2-c261-4708-a9d3-8106b7378aab,0
d3d62b9d-2503-4a7a-9a70-021f2cba35e9,1
59a2a1fe-2f14-44ae-84cb-cd2ab1e61aa4,0
18c3613d-6f0e-4d5f-93f9-45f30d9dac5a,0
be068635-7332-40a9-920d-9da5eed87536,1
0d6f327d-0553-4421-8af5-50f98adc139a,0
1cfa9021-61ae-4181-9d56-cf9e9ecf2180,1
2c72be4f-846a-48d4-96ac-be80ec8066f9,0
fc28484e-f1ac-4ba6-8e0b-ba5f09a266b1,0
3d734268-12d4-4ee9-8cc2-9856d04c8897,0
6bc048aa-e963-4d85-ab3d-4e66df5459d1,0
65c32227-9103-4255-8846-e1a0a3f376c5,0
d8267107-3691-42d8-b947-317621036a2f,0
4b739a77-bc32-4317-88ce-fb8a845e801b,0
61885dde-8f1f-4950-a694-26dcb5f43885,0
aeb43689-450b-4f38-a901-dcbabecbd869,0
4d799cae-454b-4ef7-9804-e8aa92845852,0
4dff8ec3-c9fe-4913-b0c2-f462ee141af2,0
cbea23df-02ff-4421-a123-0ffa1da87da1,1
0359dddc-8277-47d3-9ead-542c60871c78,1
1d2ac151-c9ca-4a26-a4fa-cdb73075b22d,0
168efb94-caee-4474-b339-c6b3f00ec368,0
8092e832-7913-4caa-83e4-427fd23365f6,0
371e22ee-6a66-4ace-9b06-56d4f661a8b8,0
ccf9a1ac-7bfc-4e21-9b38-3ff0d847b41c,0
83490b76-484e-478f-9112-c8b2c5580b96,0
dcd89a94-248f-4215-9035-544216ea86e1,0
ff623eaf-5d5c-4104-8637-b46050bcb873,1
29726fb3-8fd8-4aa1-a61e-e46da8494328,1
4abf409d-75cb-4938-ab14-8339787c850a,0
b8ec1e1a-5a4b-41a4-b20a-42ee24e597ac,0
520893c7-5f81-4a3a-8ab3-cece4b02f44a,1
632f77ed-dca2-4811-ac88-2a571962e7c8,0
062922d4-3d84-47e7-a45e-8de17bc06af5,0
5b71167d-7dfd-4e91-8714-f552756381cc,0
c4973eae-c8a1-4b13-a7f1-866d7b34a156,0
a5d9602d-68e3-48ea-bba7-80b820f6dfdf,1
c1058a26-e455-43b2-9b1d-c3b178d2564f,0
8735ba4e-f47c-496c-8711-f289ef7eef6a,0
7950b435-beff-4217-bb35-0a7dfe790661,0
173bda22-06a6-4b0d-8d93-6c81bbce24f8,0
aa4a05dd-b624-428c-913e-a8cdb1e0c50a,1
3537f916-c57d-4b7e-8c53-c76bcda82533,0
fd2c4037-7473-49d2-9da3-7335bca200c0,0
61755b2d-e28e-4713-8a39-edf5b71d18a8,0
3342390e-da6e-4a82-b02f-a11de38d5e00,0
06920ec6-a32d-4a3f-be9e-6f3a07d716bb,0
7c045b5b-cc40-4280-8f09-53aead19cc5a,0
bdfd64da-e5ea-490d-8859-bf540323fb7c,0
c6119814-9914-40eb-a7db-acc05820c7f8,0
bb44b318-4b46-4ec9-a8ed-b1be3852c037,0
8a0e3010-ba4b-4644-a86b-bd1912ec0562,1
2289cbb4-ed1b-4b9c-907f-6d8bc3f34721,0
eb9fc6d8-603f-41a0-aba0-bb840a4f0441,0
362190b3-1640-496d-b931-c198fb160a30,0
e4ac9939-9c54-4708-86fb-f58168d0ce93,0
30ff2b26-7820-477b-b6f2-b2bd0e4988a5,0
655666aa-7332-45b8-8bbd-d1b0717517bb,0
5aa0e49d-a55f-45c6-9df8-7ec5f32399a0,1
671ef805-27d9-403b-b5e3-e4c7a1d2198e,0
9562a08f-cf24-449f-ba14-0dd2c33dc607,0
a59b0819-9dea-426e-ab27-944cc09dbb31,0
e2583e7e-00f4-41ed-96a8-d3fcd74b78d6,1
4be69a97-1fd3-4864-bce3-6c2c78311420,0
eaad9cd9-5d8f-459f-9988-57c23e37f657,0
5f1396e4-a476-4dba-9dd5-3c1e2c8283e8,1
56a09090-a8cb-49d5-8b36-5607a46c07f6,0
4d188eda-ea75-4181-8ed3-254806090c3f,0
e559e525-20a5-41b3-8b91-1ae7003c3b7e,0
47de8092-181a-4d15-b8e3-877c0349e0c3,1
62b0a312-690d-4074-b14a-773a53594ab4,0
0d690c22-7dec-4d3e-a2be-5c337203db35,0
e97aec39-52e2-496e-b2c1-bdbf958f5f0e,0
685541b3-3b0a-4a36-a793-ae29397570e8,0
5a184411-cfc7-4157-a724-4b9b27e71129,0
1f8c47ba-185c-45da-9ce7-de825141e1c9,0
5baa9436-3b03-4557-b426-f05770b1bdba,0
7ba44699-6e09-43d1-921b-63aa8f04b8a2,1
4735b612-d2df-4ed4-9307-7f9ccce0a4f8,0
c27aa3ec-4d32-4de8-a5dd-0a5aef052a33,1
13174f0c-0824-4df5-90ce-c7ce45038bb7,0
cfb63dfb-bd35-426d-8f8b-43acb803a504,1
9a4cffb2-67db-410c-8659-1e3f0953de2d,1
11634fa4-5b4b-417e-899f-cb2a1d628de3,0
7308bdab-fe5e-4113-9220-62077ba65c23,0
309e5b71-2ff4-4bc0-b33b-3c0d82f7b2da,1
fdc0b5fc-e16d-4738-ac14-10f463f9e103,0
3ba3c70f-edde-425f-a2c2-ebabcf2f9b21,1
b7fc38d9-663c-42f5-8472-c3bce79e804e,1
14081672-2e19-461e-94eb-efb928499cbb,0
2f07fe32-c234-4f1f-8dea-aeb288a9e413,0
e86fbb55-baea-4e04-8209-bd00919c7347,0
04ae482d-7bbb-447f-91b0-cb41e38a46cd,0
61bcbf5a-79c4-4dfe-a96d-972ae232f704,0
adee0854-66cc-40e5-a7ac-b43b2ce87de6,0
37e59643-c6fb-43c3-a346-f0fa1769f4af,0
d7a0e66c-2f40-408f-9f74-ba3fb3ebfc13,0
649f1808-5fa1-46ce-8497-054389c9162a,1
c9cbb022-e1af-4d3a-a4dd-78dec1433a7c,0
764adca0-9175-4b90-8be1-16bf145be049,0
68aebd87-2e19-42ef-a59a-a23d465c4e8f,0
cc98a0ed-77cf-420a-86f0-d12e748f26e5,0
9c97e635-505d-4c9c-aa1b-2bc4e79e7fc3,0
3915c15b-ab0d-4397-a4f0-72658c1f3ba8,0
82b20a26-2fa1-4fdb-9f1b-c92138420e56,1
8d418ce9-468c-45bf-a094-371924c08888,0
14d05370-e79d-4e63-9941-6bda6433eda8,0
f87d7b94-abc0-4021-8d83-6fb1c5ba3d09,0
dde3674f-0b29-463b-9fa8-9a95c9cb87af,1
c73577be-64cd-43a6-a024-6fbe0e366533,0
431a3091-73a8-457d-b060-aefb4ec39e9e,0
9568ff17-33a2-4c10-ac6e-ff957555d3fd,0
3652452b-0dee-4e3d-b05e-a29a9770e301,1
93f2e004-db32-45c3-a8e6-161540f10ece,0
5a9fcbc4-1f6c-4048-a9c5-4d0ffc8846fc,0
a95cec3e-2f87-47e2-941f-c2581c3fb5e1,1
0b709c1b-b60c-4f5d-a8fe-53039ca9c6e4,0
c023d32c-67b5-4bb0-8a8a-30058da2bf4d,0
6b4dc3d1-6b6d-45ce-a6aa-c6749e3236e9,0
666e1dc9-1be3-433b-8cc6-f6aed8183703,0
7c17bc03-01d1-46a3-a10f-845fc0012659,0
209d8766-88e2-4366-a9a1-70104d3f2531,0
dba4355b-dd50-440b-bbcb-6b4057928cce,0
45a77fbc-a8a4-4391-9870-ed004e4fa961,0
6460c614-c4dd-4483-8ccc-b463fa59e274,0
405639d1-eb4f-4972-9483-aa8ff2a42171,0
d57dc7e7-dcd4-40eb-9311-8c8a7eea1545,0
4c9242a4-bbc5-4af9-aae1-ac24c146041e,1
b8c38999-3373-46cb-b089-3ec6c0fd0c06,0
c1e373c7-7404-4f59-9935-4a5c41c15809,0
de32da74-9957-4285-9231-088f87f82e38,1
3ba343ed-3f64-4707-864a-0c27aa9ec1f9,0
6b2c16c5-d611-472e-b4df-3872bf2e45f0,0
81459925-4f8b-4523-a9a7-17d3d94e8cb0,0
e8322b59-9a3e-4290-8470-d79e6b6e2a04,0
3f29b785-cf32-413a-84f5-4a4d37d32f69,0
4399f6db-612e-4a2c-b989-8d629de24ff0,0
40187ebf-f51c-4341-9190-a52bc4f6034c,0
b4d179f3-71e5-4dfb-82a5-2213f206c3b9,0
3d3e3e1b-8b14-4a81-8578-328c7498a1e1,1
f05e149b-57db-4b67-958e-c9ee6a72756c,1
4ba32c8e-691d-43e2-8a92-ebb09fe438e3,0
8bd3fd29-68a3-4d43-aa71-981668e17cb8,0
45e2e091-a27c-4623-9459-87f4c4ebdcf2,0
8025415c-21e9-4df2-9c3f-fbac41459977,0
42dfbbe4-9208-4cd1-81bc-1efa5fcf5b8a,0
a083d225-03db-4889-8d6c-2a94015a4a01,0
d2ff1681-6ce5-495f-a983-f1dcdf978164,0
824ba21a-4e54-4154-82ad-f8a989d85f40,1
5279b50e-1d1b-48d1-8bcc-0d8e37d36349,0
7fcb16b0-620e-4540-ab1a-b5d4c600b3f1,0
d3464f3b-cc7f-4b51-ba82-ab8ed682af75,0
081739be-6f9b-4ffa-bfb1-e1e4f4227d2a,1
b7d7865c-55a8-4340-ae13-0432a9d21aa3,1
5ad437a1-eb7b-4d61-8381-1d058fe02908,0
2c216464-29ff-4d7c-ae7d-e76d88fdf362,0
7f7d9b2d-5eff-44a1-9e71-ef9922eeb5c5,0
164ee532-fcc7-4f29-9d74-93293c5d4b84,0
8e6fdf61-a603-4149-8317-0049ae2b2114,0
56c6df17-797f-4d89-93c0-b77caaeee23f,0
473d605f-da89-4066-970f-bbe5f9021543,0
fc73117d-055b-4f86-8ba5-512005ef9af7,0
44d24a75-34c1-4cc6-9b99-9e8f37ed6662,0
86df0bfc-7215-44a8-b7e4-9253716d7484,0
53690b0c-f278-43b7-b707-7db6e0963013,0
a9877add-26cd-421e-9f6c-1b04022281c4,0
6323c3f3-8516-4fd2-9356-75a7fd8ac2c1,0
8c8ab034-fabb-43db-9f13-fd50734046e2,0
55691748-4da2-4b22-be72-e0935c81d8b4,1
b0374403-5121-4062-9d01-a8cb49a7ac78,0
eea63813-7a84-40ce-bced-91f6f8ba71fe,0
e99c7f79-1751-4a6c-9d88-6e05c49e54ed,0
346154e4-de61-4f40-b4b1-efbd65d074f7,0
7d9b7baf-7287-44f1-b768-93b2d7691c4f,1
1a7274dc-174f-4725-bc27-b29b9c783fa9,0
1e0cd59e-4e9b-44a1-a200-18fb008527fc,0
8fec32d7-8380-4636-b4b1-b1c519b46cbf,0
5bf2d4bf-6fb7-4a30-90f0-8505e2bc5ccd,0
a21de674-8db4-48ee-992d-baab353277f7,0
72dd4603-69b9-4608-bb9e-48539152b9e5,0
67583d1d-2587-4a7d-930f-f094cf3c5c85,0
842d09be-f260-4a0f-8c6f-21616b82de4b,0
e90ca6db-39ff-4ca3-b740-db23f44ffe12,0
bb3ce29d-5619-4a45-a106-d076ca831158,0
f46bfca0-5145-4baf-bbc9-4ed8182c8ee2,0
53b4969e-8848-4022-a8e9-27c198140d1f,0
9526ac03-c685-424e-876b-c0d0e2348fe3,0
1ca3f8be-a390-42b7-94f9-b383f2053b7a,0
4ccf624a-c878-4441-afbb-40ec0c8ca625,1
98f7a2dd-0d7d-4b7e-8a90-5dcdcb256077,0
912ddad0-d042-403d-8114-0ff363704aed,0
1a683776-450c-425a-8000-54429e865aab,0
93da81ca-fb14-43ae-b59f-9a7831908c7c,1
5c439732-a368-4a14-9967-08ade9721e67,0
ad5d1550-0b5f-4426-9056-d4ea13a6c809,0
843a6d45-25dc-4589-bd97-c57a5e94760e,0
13f44334-1820-41aa-9cd4-bb235e950f8c,0
c8bbc711-6d3f-40ed-a2fa-b8ede5cbbb3e,0
000a0976-fb4b-4b10-b336-25716f5e053c,0
c7abea1c-3ac5-469b-9d63-cbd48fb2db41,0
71f33eeb-a6db-40ae-a58d-0c07092b03d5,0
9872650b-bc71-4126-a5d7-a3f83458bff7,0
6ae3e661-54cb-4419-bc0c-966312461f0a,1
35812b3b-40dd-4c9f-83e7-5c4e19f98e87,1
3153b0d3-3c3a-41a2-88ed-1da6f2c5412c,1
d28fc086-5a5d-44d7-a838-cf51d13a961e,0
99c525e5-64d9-4602-a51e-0cdc11b9af91,0
3c59ae24-6d20-4f83-886b-ab7beddf0724,0
78f1e9f7-b67f-427e-85a9-1880fc8d9e8e,0
c7fc0612-2037-4069-84c0-2d720740ee6e,0
114eb879-8ab1-4b58-9a87-2bb5158c983f,1
4639bdc1-65e6-4ce4-bb64-7c284d11c97e,1
4eb887ea-48ca-4a92-ac81-d45a5a2118f3,1
e264f6be-be21-4945-bc7e-a0f2715d9574,0
1d3669ae-dba4-475b-b2fe-3eaf89feee16,1
35efdbd2-24b7-40ff-87f4-fc920f31a25f,0
c7bc4fae-0825-4acd-b788-301f790824ec,0
0dd97f78-c8b2-4b8a-8256-349266809ccd,0
37693f1c-c06f-450e-a43d-0b373c8c1a41,0
4bb0f25e-faca-4844-a429-f67d37ea8c50,0
2e4577c3-b4e5-48cb-acc0-5a2ae79f33d4,0
553f9a35-5a40-41d6-9d3d-d6bc3e206fc3,0
f63edefb-e3fb-46de-a8f6-dcea4488ca51,0
53482f18-77b8-4d1b-8b03-0cd95182cb6c,0
d1012f9c-cdd7-47d3-9bbf-83d7f38162b5,0
6f591276-cd3f-40af-a451-b0175fa86d47,0
a52ec801-bf30-479d-bbe8-320baf3ee1f0,0
dddad6ca-5614-4d83-895b-345b518070aa,0
635dc74e-57c8-421f-b950-ffcedd91cf44,1
32bb481a-4abf-4a49-b7de-6f1c9ef96789,0
b3535fa6-52e2-4cfa-9abd-362c19a695a8,1
781f59d8-772f-4eae-87ff-46e685822cef,1
b64c7230-10d3-470e-9c4a-2d57997be043,0
2ad45537-92bf-40f2-b9fa-7841262d47f4,0
075b5a5d-8a25-46e5-acb5-f24802f4616a,0
52838ce3-455b-4fd5-a08e-3df2b7da69c0,1
48012c81-ec73-4145-8a84-2c39fffb90bd,0
9f1ae458-fcd3-4c3d-ada8-cbaf4b136734,0
3e388512-91be-4d43-b9e4-855a2169fdb4,1
4127f71d-238d-49cc-affb-0bf40c24401c,1
84a65933-dd1f-46a8-931a-400ea967c0e9,0
9df7add9-53f9-4b6f-908a-9e821cbcd7a4,0
90797f85-13d0-4788-ac03-7b081c52861e,0
04dfc711-ddbb-465e-9dd0-480f93e6c8be,0
6537aa16-0e8b-4a6e-9947-90762a48dd7f,0
a6c2611b-2acf-4e72-ad42-b7c3ba1c8004,0
9cae168a-6ca0-49f1-8c01-8068f660895c,0
b58046bd-6564-43ac-9eda-fe44974aac25,0
a403aedc-d47b-44b8-8bf0-45a4befb452a,0
a823005d-32ae-4204-9f08-07e74580e9ce,0
3c3f4615-366d-45ee-ac61-38fdd2a738b5,0
a26e6c4d-ef6e-41c8-a787-c36e98806f43,1
73e25fb4-3774-4c1d-a0a4-59f1e0e8111d,1
d7e13ba2-fbfd-4528-8d81-0dd1dd5e10f2,0
c49ea8a3-ce65-46c7-80e3-903b5233b922,0
cf8aa0c3-a34c-48f7-96d2-c6d04297aafa,0
079fec1b-f1f2-4815-8fdb-bf286350c535,0
160e9d70-6eff-400d-ae8a-3906fab17701,0
f9357508-258d-4efc-953d-a7f0381a7caa,0
e38e74f0-fb89-457d-9bfd-5337d6e5387c,0
81b9712f-282a-4994-b5f6-fa45b7264a84,1
d5359106-9ff5-40e6-9551-a4f6853fb905,0
beb7bba1-6869-4154-be2d-3240ea6dccc8,0
d02852be-ed14-4f9d-a60f-a79f74fe47c5,0
49ec7840-5065-40f0-a480-bbd3afc0a1ee,1
52ca741b-bcb0-4257-962e-7260b0ce6bc2,0
46b396ed-9c33-4043-8a23-2eae062f9931,0
232b7197-6d4e-4e56-a87b-8adf507142cf,0
4bb87a25-8def-46ab-8dea-71c4a0c81cc5,0
a97eea13-9ac5-4c89-b03d-69a1c371e0b0,0
2faff23c-31c9-4424-b274-4810d45eb98c,0
5cbbe293-c5b8-44f9-90a5-f35adc837e16,0
be627264-fb14-46cf-8d6b-9b2ed01480f4,0
7b9f3f31-9d1c-4194-817d-41bc682c0765,0
4c06b2e8-d80d-460c-bd84-4944dbc43899,0
6069f395-230d-49e5-8bd9-508b4a14e2fb,0
01c58cfd-1c52-47a5-80d0-5d206196e955,1
cf9c82f0-9031-4fbe-b5e6-28ed729911c9,0
99e6c9ba-3706-4aab-85b5-ca44543c22a5,0
8973fee8-a8c5-4e26-8ebf-555328f9d467,0
f7ed1942-0743-449c-b4eb-1a1588d6d6cd,0
ea32589e-6b0e-41b4-bb7f-f6a0bbaac88c,1
1d44e689-5de3-4b84-8500-24cf752d9ca6,0
167f0640-9f50-4b17-8065-5f056d8de1dc,1
4fe0a6ed-14ac-4a4a-a6e5-b43df1b95f58,0
c8e1d125-8cc6-45fe-b1f6-76bc05cc4aa1,1
43817647-b92c-4003-9db0-d9e2779cc9cd,0
85db3524-df01-4370-b8b0-82c89c3f7416,1
33168f69-7455-4804-b5c0-c2898a01967b,0
6be88c63-40c1-4e29-b58e-ad795567c541,0
6c273b99-88cf-4512-bfd2-612f8782141e,0
9f16a2fe-18b4-4041-97c6-b82fe8d112e9,0
4e1499be-52f5-47e9-8aaa-81937c6ab34b,0
73398feb-1cac-47ff-a609-e01155aacfdc,0
b4f9423a-259c-4413-a971-79144619a9d7,0
362cd02f-432a-47fc-b698-44e17f2cf181,0
d7d39449-882c-4550-83ee-7adc3230b6c9,1
b4ec6ef0-5a2b-4d6a-b335-25f9f973b657,0
b632ff2b-a481-492a-a4ff-9092a8e2515d,0
412f711f-bd8f-4105-a55e-ed3ccc7782e4,1
74be85f7-0d5f-45d2-bc6f-24efe78a5541,0
09e9695b-8a31-45f7-8af1-3b991b2977ae,0
42237f4c-e920-4ea1-917a-7429489fdb93,0
fef9c552-d58b-4d15-a31c-57e4144f1ea5,0
fda5efe3-b33d-4656-b7f9-6b621b61cee2,0
502b4495-2523-4a5c-8996-9481a196f88a,0
dafeb7c0-ac04-4575-81f4-95bad7f4cb98,0
34416ce2-dee1-4e9e-8199-65b4bcc92fc0,0
4e73e259-a314-4847-8736-c4d038facefc,0
e90ff1d7-038b-4e3a-88f0-9869a05aab95,1
fc680f5a-3b19-405f-933a-644f2df51f37,0
2207b1e1-5e0a-45f9-bf72-41c31d04b0f2,0
5695bb84-bf60-4200-8e61-c2fa0056fb7a,0
7d53f636-afb7-4b48-b9ba-334268db049b,1
0179e2f9-7a60-41df-85db-73a9452f57e0,0
07b67969-fa02-4c5f-b6cf-0647fbc49488,1
2edd1575-d5ab-40f8-a853-aea00a0e6c91,0
63ff7139-168d-4edb-95ae-40d474143b99,1
07ac5617-a249-4470-adc8-91127ca762ff,0
baeda893-1095-4085-8c68-8d02ba12e153,0
07709a64-ec7c-4289-92ad-8aeebedef919,0
1f46a378-a51d-436b-a800-ba7f825181c8,0
b8d99715-51b5-4599-9e6b-0d2382c6e62a,0
193ed256-6213-43ce-88f1-16896a2dc6e7,0
88aded94-a344-414c-b3ea-b013e13e6b80,0
d282b724-f4ef-453e-a617-46c0e3bf301d,0
6e66002e-5046-4c49-bac4-d27e6b48a15a,1
17113af3-6b34-4415-b0d0-7af785fb3880,0
928f41d8-463b-4084-9209-24302ae910c1,0
a77f352a-c71f-4e1f-aa76-b7f6e6fddeff,1
ada3e3ae-cea1-4e17-9d66-2d7185b0e2c6,0
44a0e0bf-afb2-4302-bd16-d040b74fb242,0
0590dae5-ab01-4590-8007-5a85bf144ec5,0
5869ffa1-20d4-4558-8f1c-fed857947c2d,0
3b133bf6-2e53-4473-961e-567dab62e93c,0
82aa4c9f-4a38-485e-ae1e-6e17474039ea,0
7ecf81de-0720-4a90-98a3-36b1004a644c,0
26256e2f-9543-4dba-98b9-b8a01e8f4878,0
db478f89-09aa-4a34-ab7c-75c6c01c6a88,0
820e5341-e63b-4fb6-b732-b358e56c650f,0
6c62fc6a-df86-4863-bc2a-2cff26462b51,0
94b76cc8-15d9-48d3-b81b-49369cf75084,0
72fa17a9-910f-4632-8bfd-3407a3242744,0
b5186d5c-e017-44e9-a7ba-764fca56f74c,0
1369e1b7-0338-4060-be78-8dc1442085a4,1
a6d3fcf4-74f5-44e1-8c56-af1d6e8a8baf,1
cd8cadd1-12bf-4cf2-a341-bd9fc97bd81f,0
b33d401e-4222-41ee-b0c2-4b94cb826e9a,1
510786cd-57c1-4a1c-844c-810ad16bd282,0
d2fbb078-4842-45f3-8830-b1bf9a39e284,0
8323e08c-c753-497b-a238-8a2b8e607afd,1
917c6e41-ac26-42e8-9aa2-156aa055ab92,0
a5e39652-bd79-4417-8ff5-3ad3029d0a6b,0
45368ef3-f0f4-4f96-8861-b012ea670457,0
dd37ec77-65f9-4646-8576-e8dc791176ae,0
b9075ab7-3c28-4dd6-b6b9-8131885a99b4,0
4539e994-8dac-43fd-8c54-25ff3c9128fd,1
33ec3492-1e4a-4b01-8721-7cd0270ff631,0
0a651311-ec06-4a0c-9d8c-284d4442c9cc,0
9412c53c-2528-442a-a6d3-b640467ec273,1
b350a1c6-6993-4f0b-8f15-35e4264d943e,1
a192a5fd-75dc-4be6-b18c-fa93ac1f8fbd,1
095a8393-fffc-4baa-aa60-ab16c5fdc996,1
3e8696c5-0429-4925-87fc-ed2e6cecef45,0
7d8a10b6-05f6-4ee3-bf44-714757378c6a,0
7f2c52af-713b-4a74-9b23-6e311c14e4b9,1
a794097b-ba4a-4393-bfec-38d919a3aafe,0
7c42135e-5907-41e6-8bc8-36ac232b983a,1
f615bff2-cd7a-411c-8762-12bacbd3229f,1
df11a254-1b5b-436d-a561-86a653dde323,0
fcf3ed9e-8fad-4071-9596-ecd02fd6c698,0
5d3389e2-b389-4818-9ecd-589d91dda496,0
28e88a97-306a-4bfe-a22b-7f374dbb866d,0
811a54eb-206a-495f-9611-2d45baa991dd,0
42824523-3832-4f29-852f-f5f9c1b4d8ce,0
8f0b45cc-54a7-4b45-95d1-276d4ebb0bb5,0
8a192184-e999-46e7-bba3-44318dc3042c,0
997b967b-bc9e-4aeb-81a2-b6943d673525,0
e62304dc-d7ec-4de8-977a-88e235390ed3,0
8ee265be-cf90-42eb-aa7c-8e51377c8c2a,0
7e46ad01-8989-4e95-8521-49d10d8aa14b,0
67cf59de-e0ac-4e0d-88fc-3f1ba82fffea,1
7c777339-76e5-4e18-b271-0cf172cd41ce,0
0c963b82-3b0e-48aa-93a0-e47a89f05cf5,0
23d09f54-15a9-41d1-956e-1c7cbb346c43,0
11aefa8b-73e0-4390-af87-57182389f4ac,0
8d0d72a7-669d-4522-a3b4-f394b240197a,0
7a57474a-3d51-41bd-a810-92009c1dd2e3,0
774de62c-2dfc-4df9-b690-251eda3718a3,0
db04ef6b-d807-4788-8e64-66eef73f7994,0
48cd2b05-6f3e-4f71-bbd7-48ae07654134,1
71d84664-59a0-4fbb-8b14-1aa353fd11ad,0
39f07993-8317-46b9-8610-e771d2624a44,1
3972c2f0-2a18-45ed-92e1-a624406e71a0,1
8b9ce9eb-292e-4da3-9cb0-9f1988a664bf,0
93c674b4-4869-4de8-808a-4c62b7de0f22,1
28484057-a31c-46c1-be5d-b898a18069d9,1
d9a1949d-9e95-49cc-997c-325581fd6eda,1
10a3990f-aefd-4b57-95ab-a9385f8ac0d6,0
9ef4059b-4bf3-4631-816e-8eb297c4ad3d,0
bdf33918-dde0-4f46-81f1-3976f6e0b0ca,0
d7a3ce87-16fa-4c46-af68-9c1dcf17c313,1
6d19e83c-5324-4119-9581-6990e5762ce1,0
f7cf248a-cfec-48ae-a602-c1e7017d5820,1
3be8bdf5-a036-477b-88c6-fa04a8b1df6d,1
4a7280d1-4689-4344-b5f2-894ebd4e5351,0
b96a2b4e-c3a5-416b-a9cc-b9a34cb6b565,0
97e50e64-8ff9-4451-8eb5-2f8242bfb3c4,0
7b049bd6-bb83-4111-9c8c-56227243bef7,0
b9adaff2-905d-4890-b2f8-bfdc00847f5e,0
ddadb76e-17ea-4786-892c-bb86f0e86ef1,0
80e8ad28-66dd-4614-81f9-4b1dd63101f6,0
9d65385f-994f-495b-9149-74fae71493fc,1
8a3c1862-ec6f-4631-a8ba-1ea8bb3fcd3e,0
c7133eba-f37d-4054-a0d9-62aa1bfa9779,0
d3f370bf-eb64-4998-9f12-d38f605aeddc,0
57af81aa-5259-4907-b857-9a73420365a1,1
9a454dc2-a32d-4275-983d-c42d45e58709,0
9cf31b61-b860-4887-b9ab-34dc6167d5c5,0
2d63bfa9-d5fc-4fa9-a3d5-7785a05f96de,0
8a7b11c8-afa1-4e18-94a4-827b07f8a896,1
0edd00d6-f7c0-4f79-b9d8-139596a3280b,0
5370d2aa-0a52-4959-bc5c-3e03e7661bfa,0
c9b5706f-0086-4951-b17c-ea9c7dc6353a,0
1dc53365-217b-45fc-b26c-7dd47ed03735,0
7834ab54-5284-42b9-8126-0b17af823e9c,0
8ad7d38a-9086-4dd3-88e8-ae2a56f56c0c,1
6edbdd6f-7f33-4af0-9314-6854943fbe8a,0
e8792d63-863a-4997-b5fe-6849efd79de1,1
8c418353-5e45-471e-b7b0-3da18b7a701b,1
b2c3a1ac-5191-487d-a692-b46f2d45cc8b,0
85c40df2-c8ed-43bf-96cd-7585c5ce71bf,0
1cd4df1e-706d-481a-baa5-2194f0a645ba,0
17969985-383d-450f-84c7-94e90ee51eaa,0
15f408c5-e15a-4f52-87dd-970eda5a25be,0
6193dfed-8b8a-49a5-92fb-5366cc17f50e,0
44a6d9b3-01a7-4d3a-8927-1da9c7d8576f,0
2eb847f9-558b-427b-9af1-0230e7ee45d4,1
33cb7459-5f69-431b-aa45-da80d91d6064,1
4b79904c-613a-450c-ae3f-868f175cff34,0
7f23d966-d753-42b9-916a-0dc3f2569e8c,0
0a3f9c54-ec8d-484d-b98c-2d36b927124e,0
b04c017c-ba1f-4af4-8af3-cfb9a31c0af9,0
ce5100cd-6fbb-41ea-ad9e-34f3e8f79e36,0
caaf25c0-6fd2-4fb4-b247-acb04ee68001,0
3d94f908-bf2a-4e70-b725-954a0eb3579b,0
f52afc89-c83c-4aa4-b7c0-efa9a57b6784,1
c2e182cb-192d-4469-a74d-5f5b237c80a2,0
b9781059-93a4-4726-b768-adeabd6ad7a9,0
a454a0c6-dcc2-4544-b8d3-806b24d58280,0
5adde2cd-4815-482b-a06e-a98335d6bb04,0
e9f574ca-3281-407e-ba46-37625ab7c3fb,1
f7544de0-af3d-435d-9eb4-aa7b9f218212,0
4e90ccba-b2d1-429d-bfbb-4c187d578489,0
65a29fa9-4669-43fc-879d-770be488b8be,0
d36457cd-41a9-48e7-8a46-9983e5e4f7de,0
cd6d5f9b-7f3d-4585-a652-121283798384,0
cddf4a7b-6a9a-445b-9b0b-74c8cf0d3a52,1
75313de2-9719-484b-bb62-a51423188afa,1
c8bb82cc-bef1-4df9-a826-0e22724d2732,0
f0a3b8de-71c2-4885-b9e3-016806d3679d,1
a800c539-1008-4a82-9a2a-f576010b574c,1
58ae0c9a-99f8-494c-bc2b-aa9f02de72ef,0
8402d28a-9726-4ca4-8dae-37fad5fbad8e,0
7e3969a1-b8da-4940-a184-3a46af1ccd6f,0
32a93c39-2f04-4e1c-b4c8-39af775ce1f5,0
052e4499-2906-46b1-a748-3310b1dd8f15,0
096ee71f-5693-4458-858c-2bab44c5477a,0
15da2959-e598-4b24-b5d4-9573f82e2010,1
99506e30-0436-423a-8d2d-45511580f717,0
49b93fdc-a84e-4d24-96bb-bbaeed355e2d,0
471c02cd-4a6b-40a6-87a9-81ce4d965c4a,0
9ca3b10e-7278-4275-9fc2-17b1edae087a,0
9f517acf-6a2c-4ee0-8086-e1455c7dcc66,0
ed2611b7-cf29-4b2e-89e4-c37f15f3826e,0
edf9c760-6b32-48cc-81b5-79eb6bb15356,0
8f62da57-765a-4df2-a93a-e49a06b8b0bc,0
ff8b8085-b1cf-4078-8cb3-2783794e39b7,0
f3d43ca9-d754-47ac-8088-8a189e4b8b6d,1
61a04a04-f7d4-4086-ad2e-50eacc965062,0
11f99406-102b-495e-be03-b77ec80b9af5,0
ccabcedb-7a82-4f3f-b708-a06b19e4b1d4,1
86687c1d-a9e0-4f3a-bb39-20fa831f543e,0
a38ad7d3-6e00-48e4-bc0a-bd9c926f4e63,0
0106d0bc-6bcf-471e-a5d6-d44cb2f319bd,0
10758ac4-f761-499f-863b-927baba89ce0,0
9464694b-9353-4174-a1d5-ceac0489147b,1
27543999-3cc6-4f26-92b3-6d42ceb280a5,0
7e4e22e4-5a89-42e8-92e4-cbdc546de96f,0
e5d53c94-0ebe-4399-b3b3-aa528e4c17e1,0
25b402d8-e0db-424f-82d7-6d867bb33300,1
f7700931-4b2e-4429-9350-eab80be90782,1
dbf67600-ffd0-4b42-9883-89820b06e915,0
f804bbe0-4242-4710-a773-4d335d20e66f,1
e5b45464-36bd-4954-a306-6b3e9edeadbe,0
41cfcbf0-e9bb-4eed-bfe8-d427e04ba249,0
7c069fcd-a723-412a-ba23-648b028fc119,0
e7019608-a154-4600-be94-ef5ad1fbea7f,1
863ce054-3c02-44d9-9909-4d1d524688b8,0
25691b4e-bb94-4707-8b97-81e00c0b7cde,1
428d3f14-26c4-411e-93f9-ba6481df430c,1
573351d2-c9e9-4af8-9a10-ae63e5ceef56,0
a0fb8110-cf04-4675-b1c2-94a4fbfc051b,0
1a454980-5615-4327-93f4-c56519009ecb,0
a70e33b5-426c-4fe7-b279-c50313572e11,0
f0713712-dad4-4b51-a1da-fdc1ab34b7e4,0
7e22fcb3-3d74-47ac-a7b8-fe0dbdcec93e,0
04c26000-d334-4038-8023-9bdf255824e6,1
577ecbab-83e6-495b-b6a8-e9d962f7ec59,0
07b516c4-6218-4aec-9788-e12c99739f46,1
f1e85dfe-296a-4110-a61b-4c33499a4510,0
4c881a29-4453-4567-afcf-08b2b6197dac,0
74303d2f-f7be-4616-a49d-9128021c8060,0
4f34967b-fd16-42b8-a3ce-1830ef4b0f91,0
fea6ad63-6add-4b7f-82bf-dadde019c952,0
86689dad-a68c-4511-9418-9b721b0bf2bd,0
b49f609a-e275-4a76-977e-e9a4982b4438,0
34efbe01-2873-492f-a2a7-a61dd2b6898c,0
8e42e33e-38bb-45fc-bccb-4ed8e643db2b,0
f434f5a7-15d9-4f3c-8b87-6004efcbdc4f,0
f38c13dc-0370-41bc-8eb5-55c6d2fce7ac,0
a05227fd-032b-4c1e-9b93-ce0f70346b5f,0
424b92c1-c181-4075-bd04-e115c8e188fd,0
3cfce981-e7c4-4b84-a45c-c7f4297ee27b,0
22cd9842-8186-4c97-8849-770640629ea8,1
935f1c1f-f4d1-4a9a-bf46-4ec735a4da59,0
52447c88-73e9-454f-8f03-88f3d9ee9cb2,0
b52c1d6c-f3f3-4799-8651-1517108e6434,0
518d8509-68fe-456a-a0ff-68f15d0979f8,0
8c6a51bb-1397-41d5-90f4-1b34737f5df7,0
347022c3-18e8-4120-be03-7770db42dc24,1
604a424f-b17a-4427-865e-fa0c721870cc,0
0f8432cd-4ab5-4fb2-ba43-6fd9644524f2,0
d6ffd6d5-9d66-4f84-be03-914beae94f59,0
54677115-5382-4564-b0d0-25bfd7a122d9,0
bd74e007-4eeb-442c-af5a-cda15befdf26,0
b78437a6-571f-4ae3-9ee0-04391b170821,0
3312bdde-a297-418b-bb0c-41044876ed71,0
5ddd5c8a-3803-4ce3-906f-995dd3210817,0
7103a336-2657-44c8-8268-2be58a32bd38,0
89d32d9b-9672-497d-b598-f89f7af13c38,1
d7f0e183-0b53-4559-a635-83d46d34b901,0
97116626-0745-4bb3-a49b-ef2acac7b8b8,0
12f5fc6a-10b8-4153-8dd9-e1e226694f08,0
49a1adb8-2da5-4b1a-ab69-c00e3f8d76d0,0
29505259-b286-4583-963a-0140f493ad3a,0
d59e1beb-79f4-4a87-9143-bef06c940a76,0
cce0e967-5a06-44bd-9dc2-a869b58990ab,0
2b5a4856-246e-4a88-8e28-9b56d445a547,0
60093aa7-ef5b-4134-9296-8f66b4ee6ed7,0
fe0364ea-7466-4937-94f2-5c01c8140fb0,0
d5bfc3a8-67d6-4d9e-8168-e2912846b287,0
524a7b3a-207f-42b7-86c1-5ef932b74537,0
8e83db3b-c4db-4dc0-b143-93c69c42b2df,1
ee20078e-0eab-4b31-b232-1aad0330c7d3,0
4a1d7762-6c90-4725-a0cd-4d85b63c01e4,0
9d065c98-5d8e-420c-8f23-1bb5352d524b,0
71c0ad8b-d9bf-4daf-ada8-5e70f09b75d6,1
88925d76-54c3-4413-a1f0-935fb7fe1760,0
01e7c75b-181d-4a9c-a272-388b9728e8ed,0
452a050f-3ac0-49e6-945e-3cc7c5af7ce0,0
c9cfec7e-5986-4471-89c6-d8b7a8fb6073,0
02f69acc-e6de-407a-bec9-8f5e3820ce57,0
8e88e6e1-5eff-440a-b746-027eabb162d8,0
55faa3e5-20aa-4b18-91f4-9e79a3f236a2,0
02e8554c-7bac-4413-85ab-7f4baf233bc3,0
25ced8b8-14c5-4613-86df-d2aa10823801,0
48ad3b5d-44f2-42b1-b66e-69c0bd3a72c3,0
381f2358-7079-4b16-a546-62a61e4b9c87,1
fce0d731-d892-4778-aa5b-777a38ae60ae,0
e5f4c24c-bae5-4479-9ff2-5c84d51a4082,1
3815fde3-5b97-46ce-a077-d035ec495ecc,0
db6a5699-da98-45b8-b2b6-d297814d80dd,0
ab1dc161-e564-40c4-aab4-6899e81807ec,0
b7e60066-5096-4938-9da9-979f0985140e,0
181ded0e-24e0-4ae7-b4b5-f35da137a21f,0
90d8ec7d-bd53-4e9c-92ba-ed55c8b14fe0,0
5c5f5994-4dfa-45b1-9b17-33e8713b2c14,1
d94f7c3a-bb08-4ad9-a6a9-a1d8e62f51a3,1
9f3cdbeb-73c9-4f20-8fe3-0e1c4c7d5ba3,0
3c2ed605-d584-499c-b624-1ce4fb2b814e,0
e4e81e92-0474-4a49-a6c0-f24a9d8ac710,0
59ede579-78d9-43a1-9c54-58c22a14399b,0
c65752c1-4622-4bf4-b1ed-7a50be2053fa,1
3a9a8d77-fc05-49d8-b278-dfb745ecbfaa,0
9b91f0a1-07d5-407e-b70a-ae596ca1afc9,0
e304c353-e7ac-48c4-a759-16aa4fe0c79d,0
1c22c602-faf0-47e2-839f-963f06af3989,1
e9fe389c-d1dd-4fb6-884c-102a101b3d43,1
0adbe388-767a-4fcb-960e-78553abcc90a,0
1bd50748-c7a4-4d16-a3fd-ffe98f7eaf61,1
9ba00d70-4136-47c5-b194-f9826801d467,0
9db4eb17-5ce1-48af-a0e6-0dc6717335db,0
0927abbd-3d97-46c9-a2f9-651fd2a9946d,0
0add5bd9-7005-498e-a984-7426e702aa4f,0
e9a5d091-bc3d-413b-85d3-c0ff5b45c85e,0
ecb9a669-f3cc-4c1b-b667-6a322273436f,0
36ffb36c-ad95-4a6e-887d-06c9f6d449ef,0
a24c505f-4012-4e45-b70f-c1feda70f64e,0
63867baf-0125-4e47-8f8c-c0ca62e3bc7e,0
948e0e82-27e5-4712-8d66-214d25421b94,0
005fd6ad-fdd5-479a-a743-20b73a26c595,1
d8828b44-f915-4669-b745-b52f24fe609d,0
7ee2c2c8-6292-43d1-a012-256ff4cd24d7,0
26201144-3790-4c31-a1bd-72742acd3cfb,0
f9b91afa-173e-4766-ac15-61e57e29b0f0,0
dcbab5b0-b78c-4cb2-bc85-a41d043d9600,0
ea1df135-9a86-4750-a369-9f1b8d3f024b,0
db1c12fa-a118-4bdb-a23e-e42dde6dfe3b,0
e1845d29-7fea-4f14-8da2-33dde76e57a0,0
6399b16a-e4d2-428f-9509-644ee433d9a5,0
b87b5211-5610-4841-98d3-76e04bf70dd5,0
5c1a5dc7-0016-46c9-b4cb-69df8888e69e,0
a6322c62-9272-42c3-8efb-b1a61f76a625,0
24fae631-6ebe-46ca-9087-852e841dbdb2,0
1bc95081-8088-4ac8-8f9a-32a7c9ac56d4,1
30f3abb0-5ffc-4a6f-92ce-425b670de25c,1
559fa74f-a90c-45da-a7fe-71e90e51fbf3,0
21dced19-cba1-48b4-ae1c-428e67566499,1
0ea0c581-51a0-4215-96e6-8182afb28508,0
d6265d46-9442-47cd-90d0-94f33a4afca7,0
783a527d-92ca-4ea0-8905-f6dd7e2a7fc9,0
f8a099ec-d70c-4315-a189-50e2a9e29cf1,0
c2fb46fe-3c57-4835-ae9e-78325b23e0b1,0
3c7105bb-600c-4beb-a666-43b5b6ef0463,1
b92caa7e-fba4-4e84-a308-1ed89184e01b,0
44122a97-2742-4b80-b960-895fda3b712b,0
8f95eeba-663a-4bba-b0ca-e7a5be0f85e9,1
78cafa09-b2a5-4ddc-a2c9-172cd706ed89,0
2a9a650c-4e1b-4cc1-9d69-3bf8e74cf65b,0
9c33f93e-8c79-4047-87fb-b511f1a08a16,1
0807945a-8f6d-45cb-a98f-c67e1d1062f2,0
51af0355-a577-4f53-a9c3-35d4cfa787f3,0
38d1f5d1-c8e6-4c01-82d9-faf22102522c,0
4b32efce-c127-4ead-a654-e22689aa8393,0
85287504-7086-467e-9033-37278213102f,0
214f7008-707b-414f-a6c4-34804235dc96,0
1cb14162-857a-4fa1-8b10-9b36a33de27f,0
8a1a4dad-56af-4d00-8863-962486c4a518,0
59c990c0-f586-4dbb-a1d8-ed53ef13dd95,0
1950f300-cc49-4578-8c56-fedfbe3f8e31,1
7f6e809f-f9a6-4e94-9fc4-32cb49e865e9,0
fd96078d-1ffd-4313-b6dc-8eecc3639126,1
68a6c131-1c30-40f1-a032-b4e826ebe3b1,0
f8eed48e-ad45-4c69-8acc-e148b8594b75,0
35d62526-ceab-4eb0-895f-e40ddcdf1698,0
4f11948f-56b9-4943-b606-e3e1a73c7309,0
8b05ec4c-1bd3-4136-8354-8a920a66b3b9,0
1d1deada-9071-47f3-a69b-a1f5820f5a35,1
70e30cf2-1abe-4065-8d40-bf07b0394f0f,0
f34683fa-c6ff-4e8f-a89d-fd361f8f267d,1
c251b70f-dae8-42d5-8e00-f48e266f5772,1
b1b37d96-31a0-42bf-aa46-10548900560a,0
b0daeb71-af23-416b-9fde-303c61700248,0
7ad21488-99bd-4c91-bba5-bb0796b6e914,0
80c84989-9c6a-4695-a7a2-3bd869eab3cc,1
d0046497-0238-4c92-9b04-fd589cb9c283,0
df744d7a-a8ca-461c-a4ec-ae588bb29002,1
c0a3c046-28c1-419d-93d5-ee892eaab6ee,0
c742591f-4931-49a9-b5d8-43c2ccbb8f1c,0
5e6d0707-1b3d-4e4d-bc83-eeeb4d318fa9,1
e66fd487-ee5b-475d-9e66-fcf73712858d,0
43302852-41db-4cf6-9bb2-747ddd995eb7,0
a9cdc805-ccd0-487b-950b-63291dccd92d,0
2a3a5b23-891d-4bcf-9120-24a17ace3ac2,0
3b7e169f-0241-4230-8b4c-d0fbb6246f85,1
6c675b25-2359-4c5c-99b5-b3a6fc12c02b,0
53b05277-678f-442a-881f-5f45797e8eb3,0
6ff575a0-72ac-4d3c-a4d6-6805cfe6beea,0
d94f3a01-3042-4cc3-bb85-fedade5b8e93,0
66ea97b9-3d26-460b-8b04-2c7a43c5be19,0
1b65dfff-002e-4996-b99e-d1db653b2f32,0
e2ecf5f4-5cae-4f8f-8b6d-6ccd135ca222,0
da33e63f-68ff-4de7-a909-028b7d02abf2,0
95b133f7-857f-4aa0-84af-efdb6a7b82fd,1
61a0bbc5-5c84-4e9a-893f-c5b6286edb20,0
b704b0dd-dc31-4b7a-90af-8fafbf6bfd5d,0
dd599b37-eca5-4c52-9e50-6e23e15c916c,0
f1e6f7e2-05e3-48e2-98b0-043d1d277cb6,0
8013686c-f893-473f-abeb-f85681f50f4c,0
5f011980-e406-4e30-b053-50cfdc30765a,0
3ef98ee0-8af3-4136-af05-0a7e4e8ff1cd,0
35268a6e-a19f-4957-a15f-b1a0817faf1c,0
1ee5360e-2b42-45d9-8b87-490ac2b7f862,1
70b6f9b8-8d3b-4e24-906d-518cdc5c7567,1
e1f56ac6-5ed0-47d6-96c2-aa5d4536ac5e,0
24614c8a-56c5-4834-87b4-e4ee0dceafa9,0
8b588151-1806-4514-b6e5-4bd5910a91a0,0
723c9fed-23cc-4f3e-8368-3d85512e08b2,0
92514c69-e0bf-436d-a46b-fe3a349f306f,0
19c21627-64ec-4491-a729-b3793edbb1f7,0
912baa93-faf6-4092-9c9f-3788dd1cba0f,0
c7bddb42-d0b1-4c81-8915-53c141f4a79f,0
a455bd43-112a-401c-be6c-e2942fa695b2,1
b44a8b61-8960-4ca8-978b-12ac9dcc39a2,1
da526087-ebe3-42a1-82a4-06a5ef9f0aed,0
0c84e2b9-b3c3-4475-a32d-8e21b008e79b,0
87a66677-fdcd-4dd8-90fe-5d9ab272283a,0
8033063b-2019-4b7a-a466-9455da30e1b0,0
c5630b0a-e0bb-496d-8803-245b4a3d6d9e,0
87fd8913-b960-4ea8-bb01-288d70169dc2,0
3d5687da-90d2-468e-a253-fef44ab72ff8,0
f3653df2-c4a2-4f3d-ac15-50e27ef3d9ff,0
47b6a82f-5f91-4d09-b737-4d3efcce27d6,0
e0d11a74-8800-4dcd-92bf-032d9e57e4bc,0
1083e1f2-b130-49c3-8689-d2f5078541da,0
fde4b265-cda7-43df-96cb-35a631290c8a,0
5cd28990-1840-4398-b1dc-e1b2c5e67284,0
d67f8fbb-ed41-4656-b3f2-a88e95f5c8de,0
6d1ad254-04b3-4d12-b2bd-0cca83a76d2e,0
8cfac172-f216-4108-8607-6ee61ac8cf60,0
79f18d03-bae5-4f37-aaef-b605b6ae6f1e,0
4f5a2e83-956a-4004-b6f3-9a0d2aaca9e5,0
5ba2bc89-713f-4dad-9875-ffe1f284b935,0
d05d8600-107c-40d8-ac43-0f6f7bf97985,0
730993bc-1d3f-4979-8f16-5fac3c39e0b9,0
ad58f69c-97d9-4312-8e93-032367d6eae0,1
4af81a51-01b6-4bfe-ac62-1692543c5d6e,1
63c10d72-433d-49e2-b4b7-cc40041b131e,1
54f2d1cd-848b-4e94-bd9e-f23427f2357a,1
94107cf9-7263-442a-b861-304ee1d20a1d,0
f3ff48a3-9323-421e-bde5-b78d627fb726,1
bcab6aca-6fde-4edb-89fc-3c878c8e75c5,1
7b7bf3b1-14e1-4976-860e-b0c624469237,0
e79d57bf-aa68-4f6e-8214-ab81ae433ee9,0
eee01c16-e738-469e-ab50-a6ed75c75efe,0
448c78a4-7b0c-4600-9fbd-971530e295bf,1
ebccfd48-213e-4376-a8aa-eef4f485ff8e,0
d12af4ca-7418-44c1-8e07-561367a46881,0
8f0ef0cf-db29-47d6-9f2b-26e08b2250c4,0
4a998e25-ea2f-4937-b313-d8d251d0f187,0
6a150458-e295-4bfa-90cd-26aa5054c494,0
043a5f24-9931-444d-b9ad-1f34762b0f07,0
3146cc37-cfd1-4969-9d8a-34faa9229f53,0
56a13240-c6e3-45e4-86ca-954d9afd7af8,1
81f3b18f-ded4-4e75-9c7b-7bed42651833,0
40013def-1568-457c-b9c9-791e26776f8e,1
73c8a293-c04d-4587-8423-0693a7ea9115,1
37a6755a-81e8-4d6c-9fd0-d77519587dc2,0
244782f6-4b07-4405-a08e-846437e107da,0
3a0c8ec3-7f24-4bd6-9b5c-1ef2df9375db,0
aaefc4da-5dc0-4dce-8a3e-52a97e244f13,1
faccd3b1-3839-45fc-adf8-ff02f5695009,1
b89c7627-9f88-4275-9ffa-63544c78d438,0
e9610c33-ccd0-4c4b-8ef2-a509e6d77a85,0
8e68a044-263b-42ba-8a4c-993466806f94,0
15b865dc-4509-4168-b28d-b117ec7f877d,0
c8466a5a-ee2c-4a10-9a60-7dbfb0b29dac,0
3ee179f9-b818-4f2b-b3c9-60d6de9ead7e,0
abeebca7-b7b1-4ebb-b9c9-ab098b53b5c0,0
633de899-ce68-42fb-9d41-a00178e5fdd5,0
8758e9e5-c596-4e6a-a7c6-b852302d7609,1
35a93d17-8175-492d-9215-54a8d9f83e2e,0
450e410c-9535-4f7c-bfc6-62786a6e3b9a,0
af901f3b-793c-41fe-8c4e-96d87ad6944e,1
522d53f8-0129-465a-9777-b56f4f1f4a16,0
60256c09-cd19-41cd-aa13-0c722baaddf2,0
5ab5a2e0-d71e-4af6-84e9-fc7dcbe4148e,0
1431e3f4-4e23-49fc-89dc-6892c039f2d8,1
033f4647-23a2-4b7b-884c-04fc78c623a3,0
7db28231-4a9d-4603-b07c-4b58daafc795,0
9f7518e8-3eaf-4fe8-852f-df924e9f8955,1
5837c74f-d19c-4033-bf75-e3f325739fdc,1
a44d3377-2aa4-4eec-a778-2dd0ffe85907,0
9b1315d3-05de-45c4-a1d1-4972c6018a94,0
7a2eab58-12ad-4c2b-996d-6aaaa386a989,0
8eb92de8-66cd-4567-9a14-53a68320d12b,0
4b78ca7c-e293-4066-9c8a-f0447ccbf53f,0
018b8fd0-66d1-4aa2-96c0-3b115facc52a,0
1a1a9541-992d-4520-87a6-82585cbda8db,0
11525cb0-19ab-4f05-b8c3-88200250ad66,0
de7fb56e-95f5-4093-9c5a-de24d3899534,0
db02d56f-c6e1-4c00-b050-75a39ad161a9,0
400437c6-0d37-4f93-88e6-2218dfbb0ee2,0
00517c7e-c4f0-47ad-90f6-7ac9226679d7,0
f67a5542-cd26-48d6-8a7f-b885eb30957c,0
7298fb67-0485-453e-bfb0-713d412071f1,0
c7991012-f7cb-4ef6-a6c0-608ba479154f,0
cc2c77d8-0529-42bd-8d77-be290e032f34,0
a4108787-e7d1-427d-b0ea-d7cf13066eb3,0
7efd747b-e220-4974-b670-bd6f52aea9f8,0
7c6bb607-42a9-44e1-a53c-48847ed4b33c,0
9498a45d-cf98-4808-928a-339325919f1e,0
3e2b6448-fc29-45e2-80b4-acf4140fbdf2,0
d9979580-9845-4f77-a1e6-d3f3872ec213,0
b49f1994-688d-45f6-a2de-1f1335562b5f,1
8da24c89-6c7e-4ec3-b431-f9fc29880db6,0
fb6330d4-fcf1-491b-903a-adf314732a44,0
c0a6c3db-a20f-4041-8840-9e81d30805c0,0
5a7baf39-ad49-41ca-b0dc-252afdf2e201,0
c214fc57-51b2-4f42-b1d1-c89b5cfe25be,1
7019d661-0d64-4f16-af6f-c7687f9ca704,0
b5e78232-a805-4656-bbd0-28950b98f984,0
1c1f20b5-5708-4a8a-911a-cedfe51f6652,0
42ea790f-ce07-42b5-9477-095529200f84,0
6cbc791b-9d16-402f-8378-4c6c851dd214,0
bf8cc79c-b24d-4d97-8cf4-f3056ff06c97,0
be40d275-3d18-41a4-894a-1373106daf6a,1
12616947-419e-4a72-823f-014765244c02,1
b41c2050-81be-41a8-8704-148d0272bb92,0
5ac659df-9a74-4687-99a1-612a5a5f9a49,0
7d7d7588-dbcb-4539-b1dc-444c9636b9dc,1
6a736327-3a0f-4b71-b5cb-94399b623f06,1
3d5a2e0d-2bb6-4910-b220-c7c37bc32aee,1
021d9ed7-5548-4bde-a3da-2413e2db8b78,0
82fe97ad-cd60-4dfc-8718-8e473089e6a4,1
b06878c2-d120-4008-b870-eed3a83ce5f5,0
e3fd6858-dbce-44e1-a475-3b8be530a41a,0
7c4f1f49-cafa-4bb9-acae-83c6924e9112,0
1a3498d9-c32d-42d5-b599-b4ce0385cea0,0
df6b5133-ace0-4369-82b4-c26320d20383,0
6c5af951-d18a-48a0-a67f-32609d138797,0
413572eb-41d5-4f84-a2b5-b8fa89745e2a,0
038dfc7f-17ec-4568-8997-ef79631d0d40,0
5115d143-6b15-4f3f-b54d-9ef4663c14f6,1
f9c20199-a76b-4a85-a72f-0a447a809b56,0
c994b73f-6e3c-4049-ba46-b1c39ddd99bd,0
fbf291ef-6332-461f-a562-43599ebc44df,0
24eae515-e29a-4e5c-bb5f-7d9d804af3c3,1
15134dc1-353b-45fe-bd30-ca361aa7843b,1
c90aa950-52e9-4f48-9730-bd4db8c0320a,0
21649f66-9e2e-48bc-80ce-e5d098d8f36d,0
f10ebcd6-f217-4101-8e71-61d9abffcc2b,1
135119d9-e01d-41cc-800f-1f3a10565a5e,0
77ada7a1-0512-4ec1-ac88-9eebd1ea4acd,1
c0dab5ff-31e2-4163-84a3-ebdeabf935cb,0
f148179e-440a-404d-99c3-747307d56490,0
e3bd024a-7c9b-42d1-869c-ec0f8583b5ae,0
441bf58b-bafd-4e60-b301-047cbbbb5d57,0
0feb1b4e-f0cf-4b05-8212-8ad04c610bc2,0
96bd50bc-9bb8-4ea4-be5f-a3768837f954,0
9ecbb5c8-8b80-461c-ad63-209dd0f5dd75,0
f46fb1b6-f248-4a89-9ece-8ade92bb0276,0
738215c7-3799-411e-ae14-0dae27ef1631,0
0c700139-08b4-42d4-a77b-17def81baf3c,1
c3432f89-ac20-46a6-8586-2adb2d034e62,0
e5186ca2-7c05-43eb-94c9-ac2afc356e55,0
fe06f120-e673-423e-98b9-8e97d19f698b,0
338eba77-3f9e-49e0-a1fa-00ad1954d6a5,0
cba26268-4e18-42af-8204-51e2e42c3e46,0
8d4bfac3-aded-4733-baf1-c7284560b7c3,1
ccf8a290-418e-4352-93f2-7062c804d73d,0
a942dabc-50c3-46ca-afcc-73a4c0f3e890,0
dfd5dfd8-18d8-4c9d-bb77-728293c59f7e,0
12522e7b-2f1d-4cfa-ad99-7aae3f46000a,0
8db2c438-99b9-4ca2-9e1d-cf2d2052ca5c,0
63cde99f-4a47-46dd-86fa-383aae912e69,1
be36b41f-6898-4091-95bd-95df697f5f27,0
d5bdb5e0-a04b-4b2a-9198-7076be5bcfae,0
21df4c4a-403f-45a6-b04d-f7ef711ae829,0
322fd142-50c6-4c7a-aa31-33f5f31e1c79,0
07900672-eb0f-4cbf-91f7-986c99243807,0
743041b4-fa6d-4d2a-9744-3fb956214f86,0
ca40bf7f-6425-4270-be74-7245543088a6,1
7e3c910c-cc13-4573-8439-3b52c6d23733,0
47b0bbc1-a11e-4c31-b3bc-9bd2117d4f33,0
1b9361d0-0c6e-4673-8f2a-2675690a7821,0
21af47db-05ae-4b82-9de1-02bff2a74d92,0
eba63605-b697-4f27-bc05-e680b532740d,0
1248b958-7b72-4b06-b573-81d12fa43e1b,1
8fc2c9aa-e3ad-4dd9-b932-9e5eb210f1c7,1
8cbaac81-d20f-49f3-a6a9-4c2102644d5e,0
08ed6436-cf2b-4756-8ad9-ac80ac6fccd9,0
51903723-e10d-4f80-ae20-250c348dd24e,0
45f98695-1261-402d-9825-53185fffbe99,1
4930192d-41ab-4570-ace3-94e9c27ed449,1
bc3008a1-a56f-4260-b11a-bc97005167cf,0
aa2c8a7f-58ee-44ad-89db-eb60c283ccf8,0
b9bca09b-82f7-4c59-8e5d-85338f1d72e9,0
79adc491-2b5e-4501-ba0d-fc4a4917fea5,0
ede05953-b4d6-4d62-ba14-c8fce06372fb,1
e0c6a10d-3c69-456a-99f2-5c54ab4cbf00,0
abc1884a-edb3-4fa9-a096-3108d68fbfaf,0
1f35e9b1-a08b-40cf-a69e-76215a1a2ad8,0
62d721ee-ec6a-4e48-b7af-feee3f0f397d,0
fbde9d11-ac90-4c7a-8918-96e7b1766d7e,1
62799f38-4fbb-4f9c-ab7b-9ffed6475240,0
abe13819-48f7-4348-bb12-3694534a9060,0
cd3fd188-ed06-43c7-b9ef-c793b3991f30,0
fceb978d-56cf-4f18-b63c-4fac1a50887a,0
616753a0-8f16-48ad-9334-12fcb1b1fa9e,0
d4432726-afa4-4bf4-b927-572d79891cbe,0
bfcea201-f670-481f-bca9-a3d929bec12d,0
4249e4e8-4c6d-4283-a133-08df9cccef96,0
65b352d3-f73f-4263-955b-10cbb8e4e091,0
6e42f83a-f725-41c2-a47c-944edd5cc7fe,1
09926474-c572-4220-8dda-5dd7e1667586,0
7e497edc-800f-4a77-ba18-d7eaae82df04,0
5549d88e-7493-4d82-b197-0c906d7f18bc,0
5c454271-5daa-473d-9987-0874592033a0,0
e4c4d197-d17d-43c5-a9c2-c4ef9a2ba257,1
f1fcee94-58d2-4561-a963-9b08f4b0a195,0
690b0ead-6bbf-4fc8-866a-98ee26e42dfc,0
9c83f74f-7159-4b8b-a70e-2ae3033476d8,0
d1ee691a-51b4-4f1c-8bf0-2a55d5d62885,1
e0b766f6-0b66-487e-b713-54e8334653e1,0
04817e3f-5d84-47c1-8148-73fd492e8b33,0
e961c844-e609-4a2a-a1d5-f9abe43fd108,0
782139fe-dfec-4054-b6fc-17f714acfbc2,0
7fa59cb7-1b89-4f47-b372-b92d7dd94df4,1
921b1d47-7a35-4555-a468-1c874a1cc58b,0
008704d8-383b-408e-b920-64a6a0fc65e4,0
b6cfc5f7-739d-4223-a06d-c242114c4723,0
a729e0d7-76b3-456c-952d-d50a36169d1b,0
35c0b68b-e34e-4821-a71a-6fee0d421cf2,0
fb614241-6478-42f6-bf41-fdcaf600f7ed,0
09cd4a05-033c-4959-8303-cd99ccd17f20,0
acde2551-0c7a-4347-8fce-2dffaa8dc682,0
188e2ced-66ce-4e12-8b83-ec24b26be494,0
2095cc32-b4e9-4d2c-bce9-35d3f51571a9,0
357c2639-48ed-407b-922a-a922c40c9bb7,0
b3144825-92f1-400f-989b-3759cc5edd92,0
9dad6bf3-a8b2-4a01-9ad2-1b478cdfdfb8,0
e4694983-0a67-4b82-996f-48eb52a25b3d,0
5b30e08d-102c-418e-83bf-6f75e73c183a,0
fe0ebf6e-9206-4e60-9ba2-f9638edd05c8,0
89890ed8-802e-462f-b5ba-76af860cdf6d,0
1645a316-84f8-4cf7-9da5-37f364ac9f5c,0
fa312239-1f59-4058-a5dc-cb2ddc609504,0
8035b2a3-80c0-420f-adff-69c852bb6456,1
6494a8f7-4a53-48d1-8089-0431680600cf,0
23becc08-8b22-4b0a-9f3d-7f3a64a5de00,0
8a084456-7bb8-4665-9a7d-ada6043e21c6,0
204d8d6b-b059-4a23-81f4-ffa7a3aea209,0
d154c781-9937-4de0-b944-c5858799efe0,0
d7fe262f-0878-44c9-9e86-3f79f40a863e,0
03653a18-9638-4f4f-9748-c773ac57c39d,0
45214255-73cc-46a9-9c5d-cc3715c7c311,0
af4ea910-6696-488e-8fb0-8e09d4ad1618,0
176785e9-baaa-4e33-b0df-4b1dd57d2c22,0
77891084-df4f-4f1a-a478-0bb26cd5ab80,0
fcda0289-77d2-4088-83a1-90fc477e3357,0
adfa338e-e482-4966-9818-2bdead614198,0
0dfc3c97-c91f-4d52-a858-c3af88c20204,0
1053cb32-008b-446a-b02e-4145210e8ba9,0
95f181fb-b8ea-4e35-b4c4-4833500dfd51,0
c3d9b000-4b21-4bd4-b86d-7c07ddd7c4a6,0
e425ec68-997a-4920-89b5-76a96fd26de0,0
4da8cd59-0be4-49fb-bc33-c3668461f2ed,0
05481952-8331-485f-8e6e-d36c3f6a3c4c,0
40181862-5d03-4b88-b824-6aa2d69dd538,0
4f3a40c4-6210-45a2-87e9-e1b563856fae,0
9dd9a905-b1be-453c-b197-d780a8ff8c5f,0
2f4ea776-64a0-493e-a773-d8732bd7a0a3,1
47bed4bb-4741-40ae-99ca-c0e7f33eafab,1
4468f8bb-93b7-4c22-86ae-5d084479ad6c,0
8d38366b-7301-4b49-a127-914024a109c3,0
fc9953e7-05a3-453d-b20b-d1b624a31d2e,0
a2e4c636-2462-49df-92bf-94110093b204,0
940af5b8-e267-4666-968e-ea699aee238a,0
5aa35378-0249-4967-abe7-70be34b7a829,0
21f61438-78ad-4f50-b3df-24b309b5dd54,0
8db9c6a7-a81e-4d23-81c6-261d01c2c809,1
967242b7-aeba-4303-9c5a-4047f37d3fa0,0
ab76c833-122e-45b8-9269-a7786ce5ff4a,1
e3be4ccb-4a78-4603-a6d2-c738b97777b3,1
8db98e0a-3d15-422c-b660-d5f943fa662e,0
fb2ddf36-38d2-475e-969f-1a136f5febde,0
8bf72b4b-4b40-4634-b86f-5bab61a80ba8,1
e2aa0053-19be-4a46-88f3-68460917ed79,1
da45fdf0-569e-42db-aeb3-f863cd6bdc29,0
0950d344-75cc-4cc8-a862-91f1a10b8ca3,0
69b99818-7c79-4deb-9af8-07762abf545b,1
f4b51ec5-91d5-48d9-8da8-0a3c3a445703,0
ef83248e-f0a2-43aa-b07b-8c4d3a8d98d0,1
c49335d3-272c-4c66-8b1d-e1e9895d5047,1
5c41790d-640f-4369-9100-49772d6d9c1c,0
703c2438-41b8-4beb-abca-9e53e8fa47a9,0
48382582-e678-40e4-9815-010ed02335d5,0
0aa237c1-1764-420f-88af-d3c6fd396c7a,0
d8befde8-b99a-4dfc-af1e-71e8b81f1ded,1
bffe332c-437b-412b-ae74-ea77a2c9872f,0
3e4e9cc5-70a0-4ae8-835b-6e543a6fca39,1
248267b6-b511-47fe-98c6-66f53216af4d,0
78788c82-3244-4088-94d6-0248f44d29e5,1
dc954540-0b94-4e1b-8e42-dc460a30deeb,0
cb063662-f9c1-409e-a645-df9ec3faeb00,0
64df1874-465b-461b-ab9b-6af8a5a1ca03,1
f940d435-0abc-4342-96a2-3ba89c04ef96,1
56a4add0-8b2c-4e90-8243-79777be4561c,0
d9e5cfec-206e-458f-b9cc-4b8d04b8cc50,1
14e175f6-242e-4d32-8f87-a748fad20d9b,0
8fd8e5d0-b3f6-4e82-b33b-0e37b2a795b0,0
25a63a95-d207-4f1b-b33d-507c5304d0b4,0
047c4f88-ecb5-4b36-8c58-39aabfea7584,0
28c08aa1-d793-4334-93ab-ae93958915e4,0
25951d74-99e2-4d48-8b8b-4397eb7ab3c4,0
610848ef-9f97-4a77-a135-aab3b56ad354,1
a9f36a90-036e-4272-958a-87d3ede249d3,0
112ba063-37e0-485b-b740-6feaf3ddefb3,0
455778ae-9dd5-40cf-9569-8673c06f7ea2,0
520b017c-33fb-4d7d-a8e0-512721131457,0
5abb328b-37cb-4fce-81a2-ae926086c5af,1
3c7c2d73-80d7-4a9a-a975-ab5932a04be1,1
66f96de4-18e8-4858-adeb-fb8ebaa642c4,1
2c09ba50-9046-472b-b347-0a4eb6ee54e9,0
cea2eca9-b473-4d94-98dd-e0807c86a355,0
e9e85d2a-853d-487c-b2ff-a0e6a038636a,1
ce5e09f0-0a1a-40fa-9dbd-2fb4c2d71458,0
9b9adf9d-4787-478d-b198-38a09b7ca39c,1
d0380307-a484-4933-ada4-d8e86608e580,1
ea105550-b3da-4f08-87b6-0cf55b8e2ca3,0
c01d1b19-ad20-4616-90a2-4a88f8f7e215,1
caa50ffa-a6fd-45d3-ba85-a4fa08728a04,0
556831c4-0406-4c47-80a5-4ca9e0dbdb0a,0
c30bdd65-748e-4cf2-bcfd-356c6301d5c9,0
cdf15d96-de10-4cd3-bd51-c007438037d6,0
ce61956f-1181-42b2-a55b-0e9d0935670b,0
9f88c9ce-d9c0-4869-9008-3da8a97f172f,1
2e62df2d-06da-4b48-ad02-ed9851458d98,1
cd402b95-05b9-448d-bcd9-5429c8d60003,0
a7adacbd-829d-4e1f-9154-4addf71d45b2,0
baf25978-d2ea-4e04-8058-e376b0aa95b9,0
ca4c9e7a-bfc0-494c-9cf7-32298c66e512,0
bb998e14-d14d-4ad8-88d6-9fd71e1049f9,0
2f75fa80-5c1e-459d-8b15-884cea5da821,0
70228458-a3bd-41bb-9534-7f7d1c8601d2,1
c4f416bd-d244-44ae-bfb8-a7639e97166f,0
0fdacbf4-072f-429d-b753-7668b6697ce8,0
a558fdf7-1bb7-41b1-afa7-ea3d72db033c,0
4a7fc307-c396-4571-a277-0e62a42103df,1
849e6153-a001-4a9e-af83-da6f618c0b98,0
6205b0a3-a5a2-4709-b0da-858f811c8f41,0
9925bac9-e4d5-4f1b-9bbd-f04e741ae13a,0
b62ae227-72f5-4ef0-a2f7-1103e1fd568c,1
56f2fb39-3da0-4919-a5b7-8735c103ce6f,0
3c62f792-731a-407a-92d2-a6893f1e741f,1
f4ba83fc-db72-4c85-bc80-2582017d7764,0
eb3a208a-234a-49dc-b333-761bd7ac81d7,0
8bf3e2a2-1a7c-4abe-84f9-b781fcf73ffc,1
4f3e4f68-9aa0-451a-916f-6d81a62f3cc4,0
6830f48a-a04e-42fc-9f59-4de0465a74fb,0
2883bf07-49f8-4a48-8128-5344f9c09e7f,0
348fd76a-a849-4ac8-b817-fd1108d5295b,0
e1e85b53-0199-4186-a603-f3ce347934bd,0
53ef5eae-ccf2-40c2-b201-78f8cc63e980,1
1fdeabae-9ba1-472d-85aa-f5cc505ab7e0,0
ea68e9dd-1b96-4ea2-9b0e-2b502b5b5fd3,0
6cdacf3d-1b47-492f-89e9-910b1a0aa5db,0
62eb46d2-5517-4097-a3cc-1640794ea823,0
35c3f253-8917-4cef-9403-e04ce4a24f5c,0
1ecd441a-489d-45e5-8645-574fb4c7d02c,0
4e251c88-7695-4a3c-b230-73ab4afc9fd6,0
90a2d65e-c377-40a2-a3fd-c6bc74238482,1
c8ddff21-8d3c-4545-91a8-4562a45b26d2,1
e3453cbb-d456-4200-97f9-37f5d7de150c,0
96aefc47-4395-4c56-b12a-a6a47d763fe8,0
e37807af-dd6e-4a5c-9b39-759ec7ebdb32,1
028e162e-b96f-4812-996a-e9c3fc7a6dbb,1
cc62d3e0-f78c-4d78-84e5-60e25dade801,0
45931e91-c096-41f0-8c13-70530ca79639,0
c1488cf5-e1c3-42ce-97b8-571f566ecdb0,0
507a7da9-1606-4e9c-9723-fbeb5405bec0,0
93e3dde1-8db8-4528-98e8-ca2fb07247c4,0
ec5b963a-5b1a-4aa4-bc1d-c96ad2838ddd,0
0e43ac55-dfe1-49b0-8c6a-39bdf617eeaf,0
8f00adef-19a2-46fa-91bb-73ee36168384,0
82abb21b-c8d7-4b00-a92b-2518d55fe221,1
8dbe47c1-33cc-4605-9c27-42952c313231,0
d1be0e6f-a3ae-423b-81cb-114cf1837fe9,0
c1f08f36-b203-40ee-9aae-3e3eb490ac6b,1
467e7f9c-70e6-42ab-a49f-2cdc0aee7eff,0
4ee4eadf-0db2-4770-8d4f-43c98bda9a49,0
d2f3b47d-0355-408c-91a9-ab51cf3dc29a,0
98de8431-d5d5-4765-a3c9-48f96919cbef,1
e954dbc6-6638-4520-af46-2d0a0456bd8b,0
306a482e-849f-49a1-8313-ce53188dee2f,0
28a98dd8-2d75-4ca1-b21a-d2b52fd640dc,0
04db0f66-285d-4d0d-a9ca-70d57bd32245,0
8cdda886-2d6d-45da-8c80-949a6cd69644,0
cf23d34a-4f63-4118-92ef-2985b0ceca6a,0
2e10dfc5-581f-4fc3-ae63-356a994271fe,0
9b3a8b8f-f1c7-47f1-9da0-9fe0ace53159,1
951d95ca-0cde-4cad-9fdb-6806bd0d3cf7,0
60071846-d454-44c6-b099-f65eb1bd3c06,1
59233525-610e-45df-8c2a-34832ace20dd,0
9ec453fb-58d9-4bb7-9d92-4113d120861c,0
b13b3f91-1671-4fb7-b9dd-67823d4945de,0
c811e0f3-bf20-4c9f-a530-aa1ee71ca4dd,0
1a32c97a-7698-4e71-a5bb-815551f95be3,0
09c0a954-0082-404a-a17a-d7af2d8f2061,0
f43dc22d-b661-4fdd-8613-f82bf8023fd2,0
c0d26595-9162-47fd-9109-3a5a009c3226,0
bee87091-1160-4555-8faa-2efb74ce029e,0
fe92af2f-5242-4eaa-b856-3950b2c4fce8,0
bf0f2f51-4fb2-40f9-b38b-89e0351369cf,0
cf2817c1-a7eb-43de-aa61-129d3df4a994,0
bb5f1b93-9dbc-48d7-85f6-4971109aa0f6,0
5fbb7fb2-4dec-48cc-9ee6-ccf5e36b0000,0
5e1dd0d5-77d0-4a6e-87c8-430e451a62d4,0
969e6964-db55-428f-af8c-e91dcf4c4aa9,0
e9cb988a-19c6-4392-922d-f4ac27ae44ed,0
91b96cdb-785e-49b9-bbd2-61cd34bd1810,0
29e93e8c-6a73-417c-a1d3-138edac6843c,1
af42f4c2-59da-46e8-b016-a94329723c33,0
5a5d5568-3f7c-47d4-a73e-f3f1c39c3b64,0
9db64e37-7173-4a4f-b93c-65f939ae0a4d,1
4f8ff087-638e-4ec5-b3fb-d00ed096308e,0
89f06fbe-75c8-406b-aa84-250a6a821585,0
a21da1bf-1509-4551-9eb8-e5bc62c703c8,0
1309c9bf-cac8-476e-a92d-7a4249126f44,0
9ee69ff7-93fb-4578-b58b-5386049aabf6,0
ede6904f-7d5f-4da6-98fe-82ae4ad8a479,0
0f023818-954f-4fd6-bb46-5841630fe4fe,1
02913cd9-6f59-4220-b509-44afb8245dcf,1
aa57467d-37d0-4aed-8fb3-271a7de7d785,0
fb532818-f500-4e19-91a7-8d48a14a3023,0
60b64d33-716c-4985-b013-a4e5217fd62a,1
53ee4345-2084-4622-9645-5dbdb345815f,0
036ca5fa-b48b-4fc0-b97f-951d5b82a72b,0
0d4cba10-5091-45ca-9fec-40ad3d8c5a07,0
414ecc11-8615-4fbb-978c-a3c62f6066ba,0
4d194503-9323-41f6-b441-25acc2e7b327,0
236c7385-9083-47b1-b929-caed844b8c48,0
6b924c0e-9938-48ed-b97e-f418e2b8f924,0
4a470f28-56d2-446f-baa1-ea0ab280d881,0
b495665a-ac29-49b3-b654-a9fb3d438649,0
171eebf9-5bfb-4075-8e06-8ebb401d0526,0
d80913bd-f8cf-4c8b-a670-ee7d0ed366ab,1
2590da81-f819-4bdd-b2fc-0abc104bc0ea,0
d83c8fe7-336e-4f64-9eee-30a3f3606f0a,0
6b911c19-6672-4421-ba4a-87141a3eee93,0
d70fa6c4-33ec-4a6f-a94a-f600b08169a0,0
386a909d-c42b-44e5-b5e7-0434eae95374,0
b552f57f-8f13-4bb9-ac0f-a4c2c2d7e08a,0
3cbeb662-1a85-4f4c-8eb2-1add6d0cd852,0
49a566be-74c6-47ea-a8fb-ccbb88c4b15c,1
15bd9810-5e32-4da7-b0cc-6e003f9d1aac,0
3fe9e137-3445-4032-84c8-46df24b36d56,0
8a5e86d8-069c-4e2d-ab01-b89dae6a8a70,0
2dce4ce9-2a34-464e-b075-4482e5253847,1
4d6bfc02-65d3-4c08-94f1-6f10dee80ae0,0
0e07ede9-ab40-432c-b912-88663369c994,0
4f8bedac-577b-41f5-a4e2-4b76b382c718,0
c4dd911f-b02f-46ef-af2e-a8568b91a158,0
974d8438-647d-4b94-a1f0-a1c619e26019,0
ad3f701a-cedf-45cb-bea7-02fdcf30d488,0
8ce79a27-94d1-47f7-a09e-5b589e393a6b,0
4aacaa99-cd3f-43b7-bb67-c063c822769b,0
e3e417eb-1a2b-429c-9587-9f89dc7676d5,0
9eee9b68-aca1-4688-97d9-f57f9126d44f,0
34406996-5269-4550-8398-30fd153dc376,0
abb2f282-9246-4f02-b2ed-26361c5482a4,0
4504514d-789d-4b3a-9ede-2fda7a39273d,0
0d235679-b007-4033-bc04-a4e47fbf22fb,0
7693c52a-a401-4e41-94f3-99d39c853cb9,0
de13e437-8d40-4c3f-9f4e-c714f044e739,0
f0267e48-7cf9-41cb-82ef-01a9a12477b1,1
aa7ab90c-3698-4145-a339-347a022a9b50,0
d41688fe-a111-4d8e-b1d6-2f4c06d62247,0
54d34b72-e75e-46c5-a555-f50467a3d768,0
c1efad8b-9b2a-45f1-9baa-1e2051cfd2f3,0
2a36a750-8eae-4f94-aedd-0bf8ec92f2c8,0
0dcb59a6-b7c9-4649-99bb-68240b624e4b,1
5c4c2a57-44e4-43e7-ab06-a8d93cdcbe23,0
f2268c38-f0d3-418b-98aa-a10572a6f5a8,0
9ec082d9-9986-41d4-882f-0691ab7ac14c,0
3d534390-c52e-4edc-a4e8-c0993feff837,1
d84fc0d0-ed38-4646-9793-2a04dc704ea8,0
c640a47a-ece2-4a67-bd22-1a8f20ca454e,0
f986cb63-2ccb-4725-8d38-5ba19936fe9d,0
b06abafd-f058-4a31-b0aa-1174c7be14a2,0
d081cf72-e05a-4e42-bdaf-a019eaea606c,0
414e0c9e-a2b1-4592-8713-c83d5275bbd0,0
f0e50d13-49d6-4c34-b705-161a646dddaf,0
9eb357b5-e8d5-4fd8-8db9-98dbd7d7e7fc,1
1605d19f-aae7-42ba-900f-84d033cb9ab6,1
726cbcb9-b3f7-4295-84c9-438056f398e7,0
c03cf054-6e9e-4d07-9720-1660c5077b9d,0
534ca3f7-693d-423e-95e6-fe197d203d37,0
d6cb10e3-1263-4676-a977-d649050f0edc,0
e52fd2d3-180d-4d07-836c-16fc5b69fcd0,0
fe678bac-016f-4083-838c-addbd0b234df,0
49ea262b-3fd7-474a-935e-73b1491c0666,0
2dd35467-5709-4f7d-a5b1-9bcc5d9f9fca,1
2fa39af2-e62a-4b6c-9599-497064b1be6e,0
ffc2391f-722b-43a3-88e0-55605db57a98,0
8a4409c7-c1ee-44a9-929c-d69ee6feb7a0,1
acacc8fc-6e66-44bc-ad29-2187c0a9a130,0
4861d06f-0d87-4e26-bf68-ae902f8414a3,0
3ebd0947-bd73-4a04-b158-c9dfd7f420a6,0
112d8eb6-83b8-4ec7-bb78-8c920be58b5d,0
24364d3d-06d2-4175-bdb7-9dde5a6653b6,0
d866744c-642e-4635-ad4e-c5ad65c1f224,0
6dff3a6c-1734-41d9-9ef1-19d95a3d195e,1
6f339408-0b7a-4cf5-9bd6-80cfb96e6a60,0
a789631a-51ad-42fe-9737-2a57e8c7ad48,0
7f795343-109d-457e-bdd8-97029a8efea7,1
8048296b-4f4c-4a91-8050-14f3a5343b66,0
86d41e5c-c9ea-4176-a208-9593f6ac2f03,0
c7b9ae57-567f-4205-8d28-ead89f876c41,1
57125fde-df32-42c7-b5a3-d3f3073a1c6f,0
ba1c0201-f78b-4b2c-8594-524cb17b2b7e,1
081fef47-f06a-4f2c-83ef-136439598442,0
5fbec10d-fb6a-4d01-8c3a-46fbd056e292,1
3cb268de-f54b-4254-b8ef-15e304efc418,0
9c7d999e-2e70-4696-8d5a-5895663710c3,0
f3e6117d-9b2f-46c5-9f18-544e26964fc3,0
d4971cd1-7340-4f96-912f-9a0de7cb4fba,0
79380456-f116-4090-a720-dfa431ee0c5e,1
ec2bdfea-411d-4340-be43-2108651a51af,1
1104d78a-985e-4cda-b1a1-f69080a02a08,0
3facc4ee-d64f-48eb-a33a-105f90b5f435,0
3337a66e-202e-4d09-bf83-c2850ece16dc,0
6511f0e2-a1c0-4037-bef6-922c5ccc2dad,1
6121b532-19c7-499f-9532-fd2283a02538,1
f5e16264-b5ef-4f73-b2d7-acd5b585077a,1
b158ba3f-7f34-4618-abd7-307108b5e344,0
bc9a726f-9225-4062-afae-081e8dd1fc6f,1
c49cdc4a-b5fe-4d27-980b-009e1119a20a,0
73270cc8-c74d-4491-bb01-0683ad0b5a37,0
e91fb406-3ae6-455f-bb3e-db3588d0acbf,0
92b7ac4d-73d5-4293-8c51-ff2bca489b34,0
c7e837e8-cb11-42b5-bbcd-55d58fe32102,0
01099872-0dfa-4124-ac08-392732c1d794,0
6d64b20b-868d-4f29-a879-f67e942c1abd,0
d8d2c1c6-50da-4ef9-8bb7-114cfa4ddf17,0
4e9c6775-aee4-4c33-aef1-992be59b9fb4,0
04c60344-f363-4f0c-a714-70ec00e1a1ab,0
45e11ea1-4be7-4cc2-a5f4-a345df0d23ec,0
110e6e71-a85f-4310-a5e8-140537b77cd1,0
fe3dcdc9-458c-4109-b089-95b454d5cc0a,1
f93d3096-fe84-45eb-ba49-26bcdb7892a9,1
a0bc376c-0292-4e8a-8450-07e9b6ece6b1,0
714db93e-2d8f-4869-a90a-166e29df6456,0
25eb6c69-e054-41d6-b80a-27a2d8a3e794,0
b84763d9-c282-420c-8c34-b21c6f5e3ba8,0
15117a7e-617c-4227-9ee7-c8b5072fbb6f,0
85961005-0b08-4fba-aad3-c13993ae7e88,1
e54d484f-2ce0-460b-9a41-584c8150a3dd,0
9d33a356-8eaf-4350-9e1e-b65847b37aff,1
8804c969-d84c-44bf-8c01-b271d204cda5,0
2bad3611-9c0e-49f5-a564-4d3f9b029964,1
0881537b-9cba-4dee-99fe-61ca883994ec,1
9862558c-6019-47eb-8c94-7ed54c68cc0a,0
6916054f-887a-4bb2-b577-3653f10aee52,0
eb9e8e9c-b3aa-420f-8026-1dfbf44b97e0,0
bc244aa4-0046-44a1-b47a-b0248a15bf52,0
c3aa3353-bf6b-42fe-8b27-013ba565dd50,0
f08f8b1b-e397-4ec9-a343-19d79bf4c686,0
0d44be05-f4ef-47eb-97c9-0b5160fc9423,0
df0bed84-dd1b-47d5-a8e7-efae87d4b591,0
0a8926fa-bd68-4712-9d3c-15766362d6e9,0
535ab176-7538-495d-ac4d-065a7a5f0c0b,0
d7caafd9-3aa4-4653-9404-7c4393109816,0
74546f80-d632-4bdc-97d0-fbfbd0910cbd,0
441ce8ed-bdf6-437c-9e83-5f48451c25e0,0
c3ae1f5c-30c8-4ef7-93f3-3c1e21c8d57a,1
e806b06e-2266-4ed0-8dc4-d42d9c5b4f18,0
fc3197ef-aa95-41d8-8fa7-5d9e671c76da,0
b9656896-fa40-48d9-9f52-092d940d2dbf,0
ddf9f9ce-b272-4308-9f29-4d9d1ac5ee92,1
1c9404fe-7b28-4c5c-990e-d68ce81e7184,1
744435a5-4a0b-44b1-9856-298c7fbe431d,0
53a14615-f4e3-4394-b35a-3b5d07a7e83d,1
d06a9ff6-dc28-432b-9517-ef83ca0fc94c,0
b2c10531-8a93-4342-ad77-b0669529be2b,0
9e1ab248-30b3-456b-b421-574c632d9021,0
b8952d63-1f10-4c14-9dea-2dc6cac54b08,0
0f228b8d-0c9b-41cf-926b-2de0eb353d14,0
c12f06e2-b068-45c7-9672-5cac95a3f8f2,0
b004cce0-5d0f-45d8-8d14-5cce9f45d0f2,0
930209e8-5331-43d0-aaf4-35f63753696a,0
06db82d1-756f-4d48-bd14-9a22a5cba86b,1
93d8f3c8-e842-4a26-a92c-1c5f65e686eb,0
74c6c8cf-841c-469e-a00f-b850cbf3ac28,0
dde1283c-08df-4672-9270-a0fac437b4f3,0
4f7e391b-5b72-487c-b9bf-fcfbc369a782,0
bc8b04a9-2d0d-4a29-8882-1ed957beac02,0
a368ff2c-a456-49da-8138-2ba0fa940109,0
893e7e72-c156-40fb-a058-c2bfff06e54d,0
82a46a9a-8784-4b4d-b9c8-754c81870ddc,0
c7cce7ee-ce61-42b5-99ad-bdfdb5ad77f5,0
8d3752d0-3235-44a9-9448-e91135c5c984,1
13487b3d-19fd-4db2-9a17-c4533546413f,0
1ed94ef0-be17-4d42-a63b-0c7707324324,0
1988d319-5aed-4d96-8a02-25ed6a902a59,0
5222da3e-f9e3-4a74-b5c9-e7eb4789f497,0
66f8ade7-8ed4-4cf9-916f-927bc5d2fa4b,1
156a0b8f-60c3-486a-bf60-76a54db623ec,0
94e29b98-8060-4ec7-858c-263316426184,1
64f8f874-4ea9-4b21-ab51-492189cd7ea7,1
a25f27c4-444c-4bab-89c9-7a1c84790ff5,0
04a21531-dbe6-484e-b579-ca271f16ab0d,0
a1435a46-9cf6-4e21-b593-8404fd2557ba,1
178b476c-d240-4617-b11c-ee7aaef9c114,0
1a89279c-c746-4780-8937-e4963f0cd890,0
da5ea9dd-db38-4178-a94c-485f787d2bd6,0
e2458ec9-e62a-489f-934c-dac8f868fcfa,0
4673dee9-e204-4f95-a64b-9db1ea5b831e,0
4219c4e6-cc58-4f10-9c36-11bf90ec4f00,1
22a3f81a-8d13-4dac-a4f8-ea1fc2a5a04d,0
feeb97b3-4106-47a1-951f-9f9cd83c13e2,0
acf09062-d00a-4976-8335-8ac05e3bab4a,0
33fea812-eb8b-4a9f-96ea-283fe098a388,0
cc96aadd-8816-42b5-aa83-e00fd076d29b,1
46d987bf-7d36-42dc-9ce5-17c5e1202c02,0
96656a2c-4f0d-4d54-b6ab-e71f01ceef54,1
598fdd02-ecbe-4197-a8ce-13a972b27d3d,1
d1982839-b81a-4b58-9fa4-5d26fd57e553,0
ac647e07-9dd8-4147-9b4a-6d11bad3ca06,1
89893f6f-6e40-4c7c-aa3b-34dd3cbe99da,1
fea058f3-3d89-48ee-985e-0379353957ab,0
5e03f3e5-5b18-4b05-90bd-4214b6af7c03,1
fec43ac6-f04f-4eed-9c49-fe2f7958bdee,0
954f8d0e-4f5c-4ecc-b729-44afadbb81ee,0
ef6af026-1d8b-4122-bde4-f70d4db45a3b,0
0607f454-0b93-439a-bc86-597ca8753001,1
7e59769c-41f2-482b-a2e2-ccf39a1eed37,0
646a8d2b-bb49-402a-949a-56ad799e8c44,0
465eec83-6e61-4c8e-a00c-12df4b79784b,0
18eb39f5-753e-4baa-bc75-5aaece61d30d,0
ba573f12-a832-4b14-a94e-30e87f63b69a,0
0cad0f52-cf54-487f-a25c-6e330e5984bc,1
74371f0a-1d72-4c7a-9092-76ae6a528720,1
2f28547b-f6e5-4c8a-86ac-9f1431924dfb,0
2e7a60ab-4819-4042-b5be-c904ec1bd282,0
cf400951-ed44-4a02-8e05-388fb477d24b,1
51c50360-13a5-4868-8138-69b64bba2315,0
84f06f7f-7a06-4c8f-9cb1-1e66157c7fe1,0
08a554ff-f87e-4824-adb9-9154a56f9058,0
34209cb7-7b9a-40dd-90ae-bae282685b5d,0
eb2fd811-ebb9-409f-b10a-425317c4490b,0
aa4d2da5-c320-4254-82a6-abd8a47038a3,1
52e454e2-8d9b-4806-8132-c8f5d7884beb,0
b7630532-d09b-4876-918d-757184cb007b,1
58c8393b-7c99-4e38-b286-6499333ce42b,0
71322d48-1227-4978-87fc-889a58bfc655,0
ecac96ac-a622-44e1-89af-b4ab43bf9c04,0
b01ef0ad-f1a5-441c-9a6d-f62941443cbd,0
e776f692-048f-4ebe-b161-69aaa41fe11d,0
f34040cb-6175-4bbf-8aae-1cdc95138950,1
f287bbda-904e-42ab-b180-f97317c8a2ee,0
40b17954-6ee5-4ee9-b3ce-51374ff7ac85,0
42cd51e4-a529-43d7-82dc-4f208fe1b80e,0
1a104868-8aa5-4a0b-badc-5e98a92c4107,0
8f3c3f40-a893-4acc-a371-4b6322438620,0
823f370c-f9ec-4dac-898e-d3e853869ede,0
11ae8a2a-2377-478f-b5f7-789f404ebe7f,0
b4b98707-c1e1-4b41-ad0b-46ac323efb57,0
a7564ffb-cf89-43b2-8561-d0e59d8da321,0
a026755f-af49-4f26-a736-3a4d7c0b04b6,1
58677901-ca69-4968-b9a3-d2e58179212e,0
d020f55d-b502-4f70-9f83-08144ef4845c,0
ef910d19-5afb-4441-82f4-232a5792b112,0
87325594-800d-41ef-85c1-4daa2d7eef8c,0
da44ce73-ab36-436d-a5ef-b9222791858e,0
100f8a3e-c5d1-41d0-a4be-a22556a615df,0
15b7e08a-a5d6-4e04-91b0-452a4aad5d17,0
1b5605db-76c9-4652-a579-47ec4c9280b9,0
c307213e-f670-407a-a0f4-dd2dab9ddf50,0
f031dae4-f7dc-432a-a6e5-3fc71bb407cd,0
adba0597-0eaa-4552-b37c-1a6a77dca279,0
092c9301-ed0e-4fc1-b240-008644d69d44,0
7bdc5634-8c99-4569-b05b-57eb0848f34d,0
bdff1c04-9982-4144-be25-db52266f5237,0
071e3d2c-599a-4500-9d6a-670e3ca423e3,1
64d063cd-8eb6-4f96-9c5c-9d00819cbad8,0
48873bb3-e47c-40d0-aed9-c6e6f497d637,1
ed218766-036e-4f58-9646-b01c563c9713,0
f8233e11-c3c0-49c6-bc2c-e2626b486661,0
fc272444-90a5-4e2a-bbf0-7f3c74b464ee,0
815134bf-8fa8-4139-b394-5db3e97d6643,0
f4647901-6cfe-43b7-a2a9-ba091c238677,1
d1bb3df8-20c8-4303-84d9-dafd94f42fda,0
e109bad2-2d34-4db1-a526-b07bcdc5a43d,0
8b5b0fc6-a0fe-4107-8d08-3ad22a40d5fa,0
7c8117af-7863-446c-ad56-9d79afc0c218,0
756609e6-4b2a-4175-84af-c17de4a5620c,0
320a2f3a-3770-4e9b-a329-f0e374f3db94,1
5833f9e3-f390-45cc-aad2-c1fae2de8308,0
37bdddb2-30eb-4e14-8346-0432cf94a75f,0
309dd703-758d-45ab-9243-590432df5398,0
24d4b723-f4cf-4da6-b513-d4459014f9ac,1
18f24159-d4be-43d4-b060-01a1208557fb,1
b432a22c-9d1b-43fb-872f-9bde2cec33df,1
d2fdd9aa-e836-489e-a04d-72178c858c5d,1
3da11b54-22ca-46c7-84c8-d7bc28aa115b,0
afc0420f-2f0f-4c19-b725-031e59c9352c,1
02825b06-172b-4871-988c-af8ccc90a642,0
26c3272e-e2da-4476-bd2f-44d2a63f70a1,0
65b915d8-68dd-4c25-81cb-ff33ca858ec8,0
ae30373a-287d-4158-92d4-6dfa8434b99e,0
0ba2c763-5681-4cfd-9b09-6ee0584ec8ad,0
dc806f06-9671-4428-930a-16c622061562,0
1953fbf1-ca80-47e0-a38b-0a9b0c3ff2e8,1
4fb13b2d-b96b-447d-ba06-7249c9afc7f6,0
a101b286-6ed1-4c06-b088-5be927c22db3,0
3f139e60-b3e8-421c-a99d-c37eedd2dbf9,0
8af5b64d-3114-421a-9399-df3e1a5d5057,0
25d0ff8a-3025-49bb-8a65-c436f5a22a54,0
ee486c6e-eb13-41df-a108-224045a48af9,0
6199d8b4-15b4-4835-a67c-d2466e3131da,0
8f1473be-fb1f-49de-b114-52f5aba2534a,0
c9d8d0e7-d046-4e0e-9dda-43334b76cb66,0
176fb10d-4545-488c-8205-2dc57887ba80,0
f9d93c4f-8234-410e-89bf-5d77638dca9c,1
32838905-afb7-4429-a7f8-55275458a6e9,1
3aeba384-e066-4363-b7ef-dd2b7923f5dd,0
5622e880-995a-439e-982e-26798008e722,0
d963dfeb-13a0-4521-bb26-bc04954c93cf,0
1099f366-f619-4238-8edb-bf281be8b6e3,0
934f863d-c67e-41b2-a6cb-73572422c9a6,1
5658a067-3fe3-4848-9dfc-53b4db7be73f,0
c4242c7b-2bff-4835-8272-0b5c30f67cd0,0
95ab1fa9-8272-4c83-99a3-59e72aa4d114,1
d602c9af-a50a-4da2-82c9-98362a767f13,0
77d6ac9d-c46a-4ef4-ac59-e9733e2f5a70,1
80ed8d4c-841f-42c2-b292-abfb0cb344f5,0
e18235fb-a530-4ba6-95e4-3111d4f94007,1
360b85b3-2bc1-4f84-a37b-2743969a8ffc,0
43c9feae-cded-4207-861a-50d0d41b8218,1
d060e427-4db5-4496-9c8d-5c3dcbf7ba32,0
1fc86dd1-8f55-4110-a430-af09aaf61382,1
bb291274-91db-4eac-ae30-665f2e815ca0,0
782316d9-86a5-4d59-b7b9-cd15ff2202a5,0
4d8afc80-9716-4aff-b37d-12f250e1c92d,0
76f8fba2-e331-40e5-b383-b85b09435d75,0
4e24eb59-a1b3-48fc-9838-8283094fe1bf,0
f4994259-3ac5-4229-aec3-f5aaf2f89bd2,0
060d2447-e262-4fd6-a4b5-2177db3ab267,0
ed9cc61d-551d-4bae-8ef2-ef0165b5fb06,0
ca4fa71c-f4fa-410c-b4c2-e0ae2ee82472,1
c90b0b55-94c0-490b-a872-193decc50ba2,0
60dc35c4-66b9-416d-969d-a7e6ab267390,1
ccfbb9d0-9c9f-45e3-b347-5b803c488333,0
e52d8c23-a312-4822-811a-8ad6eb179ff8,0
122d18fe-cd27-457f-b571-202256699ecb,0
8fb756b1-d276-4a8e-bad2-dd4cdfc78359,1
4564f347-5ab3-4006-8613-1917e992d478,1
922bb76d-9f03-4fe1-9b3a-32fd0942caf3,1
0a813f7a-38c5-4c77-9c54-894dd8d1f531,1
e7fbcc31-bb05-42d5-b3e1-f1da9b200362,1
9033e26b-be2b-4844-a5e1-b5a4eeb790a5,0
e4ba0270-59e9-4c2a-9c83-9ff34f40eb07,0
33bb7bcb-2cd2-40e1-aa2d-bcb5920da6e3,0
42610795-bbfe-4740-9d5c-d843d546d356,0
08db31ea-8d58-48a4-a95b-975aa6255be3,0
1a25f87e-36df-4721-a36a-32dd21747aab,0
9c358443-1362-436b-9f59-5e0a6f44dd62,1
13af1194-e941-4619-a95d-0a8432f53566,0
92421f57-aa33-4724-93b7-8893c93e915c,0
ef26d1b9-7b5a-4e6c-bcb7-a505a9ccefa7,0
43fe6dcc-df74-4039-941d-8432fc269e8e,1
0ef28abc-7e98-4f05-95fe-ea4e44dff878,1
c3f2ea28-cb12-4cd3-a5e7-91154a400158,1
37763eda-f1c1-4ab0-9263-b544dae107f0,0
5d93c742-c0d2-475a-a41e-83c19a31d1f3,0
50b7d119-3510-4bb5-9e8f-12012cd625d3,0
6dbd469a-878e-491e-a0a1-7b8362dd3728,0
be8ca4db-2cf5-4539-a3e8-47d4d5c21c42,0
c3578ed1-5005-466c-a976-b153b4d770ae,0
31161520-6533-46de-add7-dd69e042a82a,0
43b5d79a-06dc-4914-836a-869b81e27a33,1
057b0648-a6ee-41ee-904e-5a8b40fef9e2,1
01ad1992-5870-40cd-95ae-893e09d10b4a,0
129ee401-dada-41f8-8f82-2170c8714f4f,0
30d0dd56-bdb4-4918-9da9-1455ede5325d,0
a34afde1-e212-4de0-b74b-9de300a222c8,0
8cc3cf0d-5470-49c9-a40f-f2462c4e2362,0
f9b9bbc3-9067-4e93-8931-c903cd600304,0
0cb67cf2-21ab-413f-9180-49ae06e5df8b,0
ab43d750-e606-4ef5-8437-5632236e1e6e,0
55a6494a-b094-4fa0-8106-a99e3e904c07,0
091bf107-e2a0-4dc5-87db-e2ba9ac89e32,0
ec72fe2f-a264-43b6-bd02-e2b0d127ea13,0
11288e53-ac1a-4d17-86ca-d01ab0d53833,0
9e4814ad-da95-40b3-88f7-0d7b96a20165,1
472cc758-4394-42f3-be58-ba663d53779f,0
02d7cf19-5920-4c0b-abe2-751f3e8a76ee,0
11b53662-9a95-490c-be07-e1577b067c48,0
a2a48006-771c-47a8-95f5-4bfe42befaaa,0
ea254db7-7e06-4ac3-a688-8d70ad117c03,0
5d7a0c46-e508-4ba0-90c8-27614fa33c8b,0
20092e78-ab06-4315-827e-73ff5139f809,0
e622f7ec-7f81-4598-9679-9d89a0b5bdcc,0
ab75c257-0739-4513-9406-c644a8e6d8f7,1
cda61eb6-eb58-4a0d-9f51-c34725f7934a,0
212ab7d4-6258-4548-a1d7-87e487f1fe09,0
db031917-d6bb-4b73-bee0-fa8dff2fd3ad,0
5ed3ae09-2e35-4677-8d38-a78cf4e2ab4c,1
21ddc924-8708-458d-a5d5-06d7610f560b,0
5fb4466d-a01a-4065-8d96-dcae6f0589c5,0
14e38595-f335-4027-bc08-7015ee4041bb,0
06c94f25-e0a7-4616-ba8c-de6138a1257f,0
d0f4efe5-907a-4797-b883-4149cca03c09,0
76f3d35c-a5a3-4858-8bd4-039862c7ee5b,0
908724e3-195a-4a35-9af1-7fec70ba12e6,0
4b75b4cb-65a9-4e84-b676-c087026f45c3,0
3887c01b-0d2a-4b70-8bc4-1504a83a4d87,0
165a4cae-9c18-440a-9e3f-a50610f0eaeb,0
bc259378-6791-4ccc-96d9-d337e1a4996d,0
3d7a8186-1bd1-4b1f-81a4-3681da7fa1f7,0
17a139b4-b29e-40ab-9eda-076bf54bca43,1
2078a04d-0eb6-4711-b615-755e8a484def,0
eae22eaa-484b-41b1-9eae-39a83b0cd3b3,0
3d4fd652-3fd0-4364-a49a-2abd546b3c11,0
0911a8a6-41f4-4b60-a0e0-7b0bd5e18122,0
1d210465-95ef-4d30-8cd6-7aad7b6ab8eb,0
39ad155e-8384-4a32-a177-45ff2cc153e2,0
f92364e7-a713-42c9-8973-544e669521d2,0
ad753369-dcf7-4011-a208-cc9e11efa4ee,0
387f22ec-c40d-4a6f-aa1b-d041e1a44c69,0
5c482ab3-f8c6-4768-9918-c9d43b417740,0
3f122dac-b091-4731-bf9d-d771909fcfc2,0
9a4ebe17-134a-44a8-8fe1-35b04bc241c2,0
3f186e64-b6d3-457e-a75a-43112f7893b4,0
98f590a8-bb03-4b85-903c-f025ba400a48,0
2400360b-3db3-4f1d-a663-11c0e57a7903,0
66ab4e8e-5de0-4638-b0d3-9c2e49b0fffb,0
1ef5ffff-e021-4bde-b976-e1508df86d81,0
c2f11f67-af58-49bd-8aa6-586e6d00a375,0
a36fc05e-6b5f-40d2-987c-d8fded195770,0
97cf4897-32c0-4d2a-8447-5c82434c97c1,0
c53ea2a8-ee6d-4ab0-a6e9-52e8abfbab69,0
009c1acf-632e-4f26-9d57-05308a766463,1
6fdf92c3-cdd1-4e4c-9ec7-da7fa93bc7ff,0
3544786d-ec39-4245-8e7f-74d48ce9b895,1
fe1d4104-7fe9-47d9-aa03-367cb11f3ca2,0
fa8961b2-adf2-45b9-a774-67a44323b666,0
789ce948-4c8c-4e4b-a551-a6401d301bb6,0
ec7dd270-d314-4785-8a88-9cf8233926d2,0
efa8f651-1051-43af-99ad-e5d822b88596,0
50f3f423-019c-4ab0-8dac-9d40ba575862,1
10aab7b5-d881-47c9-98d5-7c3cb95dfcba,0
a22a41d9-db0a-48c4-b04d-ee66b9ee5fdf,0
b40ffc1e-3682-4972-ba7d-f501de707c5c,0
868dd8b8-aad1-409c-a9b6-481aecd3321a,0
be9e8b3d-b646-44e5-84f8-1735f9ec667b,0
b687d9af-e020-45bd-b573-a05deda32b7a,0
7fe30384-bf82-4e0a-95bb-d8310ede4278,0
7947d447-a325-446a-a21e-ee4d835ebbfd,0
552d967d-99e4-4e9e-945e-5ae6a44c0506,0
42c19be1-b2a0-433c-bd74-acb30b239b4a,0
c9d0feb2-ea31-4e6c-a88c-50dc42338bfd,0
a17cf467-c588-4aaf-a39c-b26d88455dde,1
949a5526-7c0a-4753-9adb-1b427f56ce25,0
cdc4e0f9-3f70-4dba-b3a0-2bd21ee0c9d3,0
2c7a0e8c-e5ba-4be6-9bf2-43997f63a054,0
b93ed71c-fbb5-4d68-a14d-e1de45d7af66,0
5d6f9d3f-156f-452c-8620-08b81f0458d4,0
06e2b117-b3f3-45f9-adc7-e7eeb0429ce7,0
e1feec74-d891-4c95-a58b-4b71882a6b07,0
e55593d2-b928-4c49-bcb7-e944b2e846f2,0
5661cba0-8508-451b-a572-d685d119f5da,0
31662d4e-4513-412a-b654-289491b4609b,0
463cd690-7d22-478d-90db-ef1c08302227,0
2b64fe3f-dc5b-48d0-9d7f-ad1e7b665c98,0
e64cfaaa-7e32-425d-a2e2-c2751cf1d011,0
e726eec5-1e2b-48e6-a045-b77f97001070,1
ad8b9e0f-d1ce-486e-a5ed-18f112be2710,0
a838f6c8-2c1a-4cbe-813b-ad5c698b6052,0
259df11a-c512-480a-b019-3fa41b70361a,1
3c78de87-5687-4732-84a0-9b5a8b581361,0
8b56af74-2a8b-4b5f-9a39-bcae0e93b4ff,1
68723c80-321d-4467-a4ea-bb954f0546e0,0
f455792e-acca-481e-ad64-492e0c6d2e9f,0
faa802a1-0157-415a-bc50-764618564681,1
4c1e02fe-2403-49c3-b549-ab2884d6591b,0
c914bfaa-c9c8-4d70-a550-95e0e80a3729,1
18451823-2a83-4071-bdf1-3fc08f045cfa,1
20180073-5aba-4c2e-83d8-e565e720fa10,0
98934873-eda4-443a-bff8-b0bd93012283,0
d3a5e79d-cecc-47ec-828a-03561357be60,0
66028f01-506b-4cbd-8885-3fc6541f220b,0
fc844652-98b0-4e63-9efc-cb724206dfa4,0
4810c2f4-7e10-40f8-8692-0a17a7c15364,0
85304cde-ff2e-45a7-8865-81382aa6b08f,0
bd22e768-29ac-406f-a9d6-5723452066c9,0
261c6515-9b5e-46ca-8d7b-d430f8c257d9,0
b0f1ca5d-122c-4a30-806c-f525ecb6d9de,0
3db61710-dc1e-4181-a319-9b95d0619bf7,0
f68ec389-079b-447f-bff4-4644616d6921,0
f8cf2d6a-6701-43b3-a243-19fcfaca2de1,0
c7d5feef-9258-49c2-96eb-65f0b3622095,0
ff36d377-f416-41f9-9702-3ae6359cea16,0
831d2081-f421-44b3-91bd-c5c404f71aa0,1
ece8a78b-41b3-4077-87b7-fef814bfd925,1
a321ec30-570c-42e2-a8b7-cbf43eb94ff2,1
d6421b8b-e0f2-4ccc-a2c0-889fd704bfa2,0
ccdc5ac3-82fb-4a98-933d-9ff09d45b553,0
5e4f0ca0-c493-4b05-b3e8-8838a4f28cdd,0
b6ed02da-729c-4740-a6e5-bb05e156bb68,0
0fa8f890-710e-4e24-8dec-79327e823701,0
e90dc504-b1cb-4ac7-a983-bec80b5b555d,0
3ad87235-a8c6-4f6d-ba70-8974c2886369,0
869fe0aa-455b-456b-ba03-c765caa55c38,0
0b2936fc-4add-44a6-8e1e-6f8744bfaf5c,0
40227cd0-c1fc-4407-9227-ae69749445fe,1
79d4ee5c-3d42-43dc-8fb7-fc24522e5d5d,1
821d62c6-e8cc-4c04-9d4a-e1eeba64b897,0
6b0f37cf-1013-4f59-8de7-0f3371f7a01d,0
f81c4e42-7755-4b2b-a1a0-c2ba6d058341,0
9d3feddf-b742-413e-b977-b23c36ddafc5,0
e70a3c9e-fc16-4b7f-967f-627b6f51dd64,0
b9cb584c-8601-4435-ae40-334814e66cfb,0
6cf0a429-66a3-42cd-a5b0-79c4061899eb,0
99a98177-b3ad-4aac-b2cc-a2107c8b28e4,0
8bf87af0-db58-4a08-85aa-f4b2c2a1f46a,0
09f3381a-9258-478d-961a-edc55c2f358b,0
1f09bfba-d786-4be6-962c-6f1966710164,0
f553644f-5088-4739-b56e-13c92e2a0165,0
0cd27029-9104-4d15-a9d3-e97af8f0bed3,0
1169bda1-3c04-498d-822d-6f303e0f984a,0
84f0241e-f282-47dc-80ef-28c59f578a8c,0
402f7da2-463a-4444-8cf5-129b79c23da8,0
7d2bd6f8-edd9-408f-8c6a-ba74bbe2f781,0
30d9e7d2-9283-4fcf-9b7a-bffc20b50da0,0
2bdcf29d-9828-4f3e-bf65-9328e1fa8e2b,1
9ab836b7-07b5-42a2-9a26-d35623147807,0
be3c51cb-7097-4efe-a5f8-b7cee1b67c1a,0
74e45738-4c39-4b5a-b020-b7941859ff5c,1
cc9cd331-1263-4e9e-8e3e-6c014308626c,0
7028a0a7-3eda-4ef5-859a-497916726efd,0
baf8aba1-0fe9-49a8-86c7-8b0c55498058,0
a528fc06-3c4f-40fd-8b3c-b92671ed2ee3,0
ca00ae22-80c9-464b-aeae-d4259da32fbb,0
49ad02e0-457e-400b-9fc1-5ccb9152738f,0
2e3164de-30a4-4fd5-9a0c-5ab96791e761,0
6db608d1-e28a-4024-96df-a266722347ad,0
dfe52e11-d917-4998-ba02-0460dc496109,0
f3b2ad03-30d7-44ed-9ca5-3690d5822a7f,0
b93157fe-b02e-4434-bebe-5de1c419c51f,0
a6f53f3e-7e61-4b37-8407-28f6d022e198,0
1469ca74-e1fa-4a65-8391-5603f75db80e,0
c9f16a91-355d-4ee8-9476-6af86bdc3992,0
534aa263-5e00-469c-9da1-25a8d8bf03aa,0
4637b148-0477-4fa2-a4d1-bb78b8e47486,0
a166b652-b2f1-42de-8ef5-d71a309614d6,1
c13de4ff-2ab5-4d0b-89c8-b3534fc43f21,1
5e388973-2f87-4705-8835-6994fe7b8a0b,0
3326a35f-51e8-401b-9109-4d6312377045,1
fe6c1194-8d51-4e62-a4a7-2afb5e3fcd02,0
ec5855a6-e8b6-4c0d-be76-97c294decf5c,0
af4a5174-02aa-4654-be47-c9ac1fd26369,0
8d472a41-47d0-426e-9a41-96d67beae0f9,0
4ccfe35c-57a4-4a6c-869e-ff2a409b37a1,0
d05159f7-f15e-41ca-a2a1-5c20333ab5e9,0
e0a37b89-282a-4cb0-954c-b383e46e57b5,1
c18df8a9-458a-425c-8c4c-3601edaefb9c,0
ce110bdf-9dbb-4e9f-92b2-8414c175ffbc,0
232b98f4-42ee-4359-aec9-b1caad48780e,0
ac4272e5-24bc-4f95-969b-cc628583ef7e,0
17839876-adb3-4fc9-b8a3-89ad5e6d06d6,0
4f393891-0b69-452e-adf7-da5250db623b,0
0d01283d-f308-4ece-ab00-336ca477280e,1
639f9f6b-146f-4dae-9647-e19b52282a47,0
5cffeda2-5a31-46b5-b004-f0a252a9f45f,0
7d0c188b-87bb-4ac7-bbb1-5b84c59ae311,0
2b61371d-8d54-4d77-813e-bcfe11f71ec8,0
b47e0c5e-62ea-478a-8e23-4571bf94d660,0
3a9e4669-f820-4094-8244-d8b399fa7e5b,0
4313934d-f959-41e1-b458-5fa249e15fad,0
9f826f7e-7f22-4d2c-81f1-269e9b8c3312,0
773894ac-8ebf-492d-8c2f-e4e0dd9e3c41,0
293a8935-3731-4518-b26b-f4a41164ca99,0
d99c2edc-8f06-4879-bf72-c00182e0aa3b,0
85e01197-9bbc-4f8d-b9c3-cfa8f0152999,0
e2e9b5d4-af82-4842-b502-77a49b2721b1,1
a844c423-8ddc-46fa-ba56-aa646619c1c1,0
22f515b4-0d60-4397-9d43-c91671a4b219,1
b01c5b6a-f3db-41df-8c6c-a993aa804c33,1
e5fec66a-4d5c-43e6-ab16-eea3eea306ad,0
1b8d1600-82c3-4241-a47e-7c4db004effa,0
54e2452f-c883-4681-a249-1accd0cd353d,0
3b9f449a-2a10-407c-b04f-20ce447f942a,1
1c01322d-53b0-4854-ad77-f1303fa111b8,0
cb15a55d-bd2a-4223-a253-a3ba50c7436b,0
e9559abb-ffc8-40f1-85a2-98377ac32f94,0
5ddd2c54-a7e8-465e-b847-805afceb9abd,1
089f89d2-697e-46c1-b5b4-647bb9b09f5a,0
b0717155-a18c-4808-94e7-1ddd31f526b2,0
7d9493a1-2068-44cc-ac81-b652a703d007,1
d274f274-0028-4e7f-869f-fbbb2351343f,1
a74ef8c8-c446-4b52-9b47-d61d107fec5a,0
a2cd416b-def4-462e-affe-6e219827bc06,0
fb4d2f8f-9906-42c3-9d71-9c2719503b0f,0
5867d6d3-b227-4d5f-89ad-bc160fbfb7eb,0
74509aff-1ca7-4992-a504-93cdd92792e9,0
ac0adbed-9aa5-4ad4-8420-94d5951218df,0
900bf009-9165-4ed5-b539-01551bf85f04,0
0351a318-70ba-4329-ab33-f31d1892acb9,0
9815de97-1bcc-4699-8057-280a889800c5,0
840057bf-ef6a-4526-936a-b0d2aa28d1f8,0
c683a5da-7b3b-4d8f-b1e3-637df3f5b574,0
0ccd8b8d-e0dc-4dbb-8159-70e7db6981f4,0
c836828d-e443-4e9e-a403-139a17f207b2,0
a291ba6f-606c-466d-88d0-9d08a565e46c,0
2c747dd1-badd-4d3a-9359-1d04899020fd,0
de796c0d-9ea5-4d07-bb26-b13590442fb4,0
2c83819a-2b6c-46c1-a911-d35db3d8695f,0
7bc5f40a-3ac2-460a-bee2-40a9f6d3964c,0
bb1683fe-5b9a-47f6-a45b-fae40c0485f4,0
d887e489-182d-4fa0-aec2-51cfd40abc92,0
24e44917-e290-430e-b69c-54378dd90c0c,0
122b8eb7-0ed2-487c-bac1-6088d4f92e68,0
610e4750-b791-491c-8ef8-a57b7ec5bf72,0
9fd6316f-fa36-4208-917e-2525178646d6,0
5ae5fd83-5334-4e36-813f-1ffcd657ff6d,0
2d7b4a94-16a3-48de-8aef-a889caf7ed44,1
affb9741-7a85-402b-86a4-5e299684b988,0
15a8e9e5-685f-4403-b431-9b4fcbcdb11c,0
62133729-24e5-4142-aa8d-c8c40b9fb65e,0
3df86d5d-a76c-4da4-ad26-a8d6dedddb94,1
0eb1724a-8df5-443c-aa31-65541be6b67c,0
e6457f3b-7826-4347-8ea2-b37e38f0c563,0
ec50a6c0-2082-435a-8893-a201d5b05998,0
963b5448-a921-44ea-add4-ced0b3cf354a,1
deb7fa2a-f977-47ed-82dd-164516a7c993,0
87a64e3c-d4a4-4f65-93ee-b6c587f9f7ba,0
358311df-7cab-4924-9fca-a0a817582b6d,1
c7f6ddb6-88bc-4d03-97b3-431e670c4bf6,1
9d6ea892-d754-4873-a662-5c932d94cfa0,0
bfa50fe2-e89a-4c58-a544-ebae0004a7f5,0
cff85ad3-1b43-4283-8f6d-d218e89cc90b,0
1ed58caf-47b7-46fd-a614-e526de2afb7d,0
13af6a3e-3628-4021-b38c-350f6793284b,0
51cf1448-b9e6-4a0a-ad9f-b6e878640b1f,0
6987f77e-2f9a-4e60-bf6f-a19bb27d743f,0
368a14df-b711-466b-b847-b14fa6715449,0
c3653f05-fe04-4462-bf25-00aba6c05e98,0
b027e43f-58e6-4657-84a0-e06e7a244bf1,0
5c8688ab-ef04-408d-8da0-de679e7f9f12,0
d86f1ac1-f1ff-4b1b-9d33-2a8b567d4622,0
b4107094-fca1-41e9-8d70-7f7e3867f61c,0
4b64dae7-f235-4eaa-aafa-90f33871e83d,0
b3c313f1-c38d-40b0-953f-bc3f2a9b46bb,0
df802c5b-1ddb-4dfd-b827-3d1df8d31f02,0
e0b2bc82-aa5b-4503-91e5-7a9ed8235e70,0
dce4e9fd-ff6f-4ef3-96b6-d082dcb6a6a0,0
430a2236-92e8-415e-be03-4a5f7ca5b0d9,0
bff37d7d-551b-4e80-a9d2-13498f9a7070,0
bc6a298d-e802-427b-b60d-6144a170dd97,1
0dfe0255-083f-414b-849c-8421e20d1932,0
3cd7d664-fe6c-4464-8c06-a44efb622409,0
724f3dc0-3f30-4ea3-ae6a-53592315eb9e,0
d19eb264-86d4-4de9-823b-6060e8c92fb0,0
5c8c9160-3165-4c42-b296-e3792295765f,0
16e4ee03-96a2-4cdd-9338-52b3585c1398,0
a0e2ed06-d528-49ac-8c1d-fed79334ccff,1
3fc9ff5e-c4e5-49e5-8dbd-4ec00eaca8be,0
4e9ac2c9-869d-4b5c-af42-8a76e9c34681,1
755bfce1-03b4-4cdc-8dfc-f9ad015c181d,0
2cc62be0-05e7-4662-8a01-ba46a901eb93,0
4c6840e8-8426-41ae-aa29-e789df517598,0
a180bc0b-5cb6-41b5-9e70-a61e898f615c,0
9f89a47b-bae0-4102-bf96-5390e206c923,0
7ce4ad88-8c18-4b73-99c2-6a843a205134,0
3e9191a1-2855-4cc5-8715-8f80657417a5,0
f7a67b21-7107-4032-b27f-bf3178c5f6fa,1
cddf8d25-c287-45a7-b2da-9ba0b65c951a,0
ddce5953-4f43-4028-9595-9155b51db1f2,0
4eee8c52-e3fb-4d40-8020-ef32f5a69e4c,1
c409759d-ba70-4208-8fb9-30bc71dced23,1
9d6f89aa-da79-4d83-a17a-627d20b0daf3,0
896e9897-0fdf-4c7e-bd54-b8e399d84d24,0
e7ed6c2c-5c4e-43ac-b59b-e6d32b97891e,1
86632e89-cf0b-4279-9b1a-c0482c729a1c,1
ac18041b-7a4c-4ed2-a255-fa62ddbecc62,0
dc5fac91-0ee9-4c2a-9c49-28669c7ad32d,1
c4bbe447-735f-41ac-9a25-4701f231fba5,0
f13832a4-f983-445b-b7bf-1d82cd32adc7,0
f1c39302-3b1e-4034-a2ec-f4491874abfc,0
518f63b0-bfa0-4b87-9f08-a0cff6c4a985,0
3ad21f26-00a7-455a-b48d-8f529a681907,0
907838e8-aa60-4e1a-a643-ed0e01133199,0
3b0e8c5d-b634-4933-a233-876db29b0889,0
f776aa76-f56c-41ed-ad07-592c3bcda167,0
ffb06390-78c5-47f1-9866-7db637471d64,0
615fe0ef-05e6-4cef-bac1-0377b06058dc,1
9e5e69f7-57a4-42ad-b828-a1dd01a01289,0
b182a577-e055-4a9e-9400-426d076600e7,1
ec51a0df-6e87-466a-9ccf-df5f3a88f446,1
7e2021c5-2311-4e94-9bad-9ba320b525d5,1
7eef83c9-cb1e-449c-b306-91058b58788d,0
4f19e1de-d376-4855-9534-d5082f13f765,0
6cd60652-0ed5-4b75-9a82-3ae890fc8e11,1
7d934119-477d-4f34-916e-429d835bcb28,1
2c756811-83d1-489b-8526-30f8e526f8a8,0
bb403e88-f603-4cc2-a1ea-fde8efd3f289,1
78908ed3-ba20-4c65-94de-479efa82a9d4,1
ed8706c2-4cdb-4b90-b8d5-51a271f02eec,0
e19e54e5-50da-4e59-be30-d825ec8dcd47,1
c0e9d4fc-4559-4f75-9841-5cdc48e9be25,0
07609e81-665e-48a0-87d1-44ce7293116a,0
3399d7a8-bbbf-4950-b8c7-b6be45394779,0
4981e2bd-9168-4de9-b037-ba572905c3ab,0
9f814d39-244e-49ac-be14-70118f858aee,0
9062496f-e101-494f-bac4-2e6c10e22525,0
0cc6c0c7-aff7-437b-99f9-9d15465ed1f6,0
f1eaac23-3b27-4e79-a428-d1f8f9124d1c,1
f9b10f34-c8f2-4be5-a8c8-cc80edd880d3,0
1eaf277a-52c1-4414-9476-bfb99221d704,1
73dea993-0ecc-4b81-85e4-56ab80dc17d4,0
615e6063-8a6d-4d48-8c33-6983bb2cae7f,0
099455e7-7968-4105-99aa-eb00f2c5c98c,0
4d8a1190-47b4-4c3e-88d4-1b22664f6d56,0
c7627aef-ebb9-4fdd-8662-b83502f7ac2e,1
1273e530-270c-4916-a638-41e1e9842625,0
48e549ac-4b45-482d-8be4-25daed2c531b,0
3ab6a8a8-6b05-4a7f-a066-e9f8f41b3497,0
ce27abd9-aef7-40b1-a8bb-828f699a9ab3,0
c9472ec9-5c49-44f6-9206-f303ef3c9d81,0
fe97e1ab-ae61-400f-a453-0fbbbb59f97b,1
2f20852a-42cd-44af-af7f-1e7e5f029180,0
f3833ce0-880a-43a5-b0b5-156c4f9b32f2,0
43b5787b-5e01-41a8-a9e4-359238da22a4,0
eed254ab-1f7b-4c6b-be90-e0ecbb8acd65,0
c544c4cc-c9cf-4dd7-9888-ffc19f94a78f,1
814f485d-c3c8-4ed4-aa54-9a1020a874e1,0
0a9f5251-a868-47fd-adfd-ea2aa176803a,0
5de239ab-9891-40e1-94f6-f74a3cb8b492,0
99379f31-4e51-4c8c-adfa-2d2b987a8306,0
8d656de5-9aeb-4793-894d-c794defe48e6,0
f3d91a18-4f7c-43f9-829d-7504c038d2f2,0
de115dc6-704c-4897-ac14-1d8b6e6d6a1d,0
a905dae1-44a8-4121-b587-2e1f3113fd93,1
d5f05435-1023-46de-8e97-9d434f96da60,0
682a8ad6-d7ff-4496-baae-fdc1fdc564af,0
d67cb5e5-2365-471a-9c74-d19fe9907df6,0
4bea82bd-3f33-45d4-8b69-34a567fec714,0
e95245e8-b89a-47ca-8b99-16e96d052a1e,0
08b30c67-49fe-4816-8db6-55b3a9c4c7d0,0
00baab61-d40f-4d18-8e1b-81cc85f92288,0
1d6c51a4-418d-4e3f-8d65-35e707217aca,0
42d5716a-559b-4902-b095-2e7eeb2863c9,0
d831a04a-a108-4d09-8611-aa948edbb233,0
0da37a3c-92f3-4171-bb85-8c19a677ee71,0
6f4a6783-d353-4aa1-9199-984f57b915f3,0
90be19fc-25ec-4ccd-af84-c45094a8e801,0
84b897b2-0f63-41d8-b967-20a12a87668f,0
697a59db-2438-40d9-af8f-a4f8ba14dc2e,0
de8a468e-b225-4676-a4aa-c22a176d91aa,1
0ec7c756-9825-4b8b-82b4-384f9b6bc8ec,0
69d654d0-566c-459a-ba47-5eae76f70f3d,1
e0de747e-7da9-4dd1-8fb4-e0fc72332293,1
52d30687-5c32-48d8-851d-810a7f287895,0
61d42354-5c29-471b-a18e-accdfc4e085b,0
b2702e88-edcb-4e18-a3ea-3da019be1d7e,0
d0111c9f-ace3-4125-9f47-8289dcba5fca,0
1ed94d26-2844-486a-acc3-e1ba39ac5f2c,0
299699bc-38c6-4dfe-ac19-e9f783de1c9c,0
a107bf38-3685-4be6-bc77-4ae572383dcc,0
d8699a19-8781-4898-a109-434ace78a75a,0
baeb4335-9b92-465b-a996-3f152a515820,0
d01d4bbb-4820-4676-a930-179414c01713,1
1c7a08f3-8e51-49bf-b737-97c6fd570cf2,0
b2d7c92a-5956-4fb1-9a2f-03af84485761,0
4dbac02a-4dcc-4876-8fb3-76bde42162c3,0
707ee0c1-4cf3-47f0-8b12-b33c3b4f71c1,1
2e1f5318-1d62-4ee2-8dfe-3618b08c2339,0
f670dd49-aefc-4bd5-8b31-fdb2bf4dc640,0
62d6f562-4bd5-4e3e-870b-6da884407311,0
8acd8215-869d-4c98-9eb3-d034a63081ef,0
3369a322-076e-43f1-b7ea-ac3d228c9f5e,0
a35c26d3-bf2e-4e02-bb25-c06ed7a99c1c,0
032b4425-17df-4dfd-bd6d-da62e6946146,0
b4d17bfd-c4ae-45e0-9dbd-4ddbe891dd6d,0
72afb17d-3b1a-4d49-857c-bfe73c0bb219,0
c7bc6a09-9ffb-42b7-8592-8d7f5c58ec9b,0
178a4684-6331-42f8-8bb3-e29bf56dc018,0
206c2275-4e6a-46ad-a182-8e12a464bc1a,0
449bfd28-122b-4a29-9a0a-cb512ad217ee,0
9bb8fabd-56d6-4109-83f3-81057a88ef92,1
aec684b0-5fcd-4aa6-b9c1-d854d08a4493,0
61627f0e-5abf-44d1-8e11-254f190d6676,0
7d6a662e-b3fe-4227-ae4c-373280c24ad1,0
676bd144-1619-46dc-b982-5058b25fbf72,0
53f24a57-3cdf-4640-afd7-c72a2c0f8331,0
14894aed-b422-41f8-bdd1-5ed37f9a9845,0
5e6d5b95-3805-4822-918e-13a34d34bbe2,0
a04d8882-0fd5-4416-9f33-5062a552f72f,0
80f74fa0-6de6-4658-b9b5-d1b582e973c2,0
3a159619-1736-49b0-898f-9c91021c71b7,0
1bcab686-5ed4-45b3-95b8-b9b2c38a6924,0
297feb10-9bf0-47de-9493-fd13bd6a4e1f,0
20f0a06b-e666-4e44-8e82-8c1b5b3bea34,0
abb1c6b5-f999-42f3-b51e-93a15f48388e,0
0c50df62-f4c3-4dc9-88bc-7a2cdd2a1402,0
6df61080-9fe5-4e16-aa0f-1f11aa5b5622,0
9139841c-fb94-4f62-81ea-9a0809f996a5,0
aaeaf0f7-3da9-400a-8f71-781a1834819c,0
74e084ef-1e39-4cd8-99a6-63ad60336fa6,1
e06f8282-bb08-4cd0-a72f-7105738f6b79,0
0b630b43-14bc-42e5-b849-c155e3042c8a,1
1aec6068-a1a4-4f13-b8e3-d59098bc7c18,0
7530e860-db11-4a24-98b1-586871783cc0,1
a36b251d-7766-470c-9e3d-81ece58eb30c,0
d9477eb8-093d-4208-86d7-e89faa65df68,0
af7cdcc1-9222-48f8-8fab-31b72f8ddbe0,0
6f8e5947-4295-49e3-9844-c3ac5ed1d878,1
a627fdd7-212d-4287-8422-3d37d680713e,0
290ceee1-3576-479c-b9d4-0fe053dfb358,0
4c96b223-0d7a-47c5-8ae4-c9a0fbd18c57,0
36c5bb70-697f-4d6a-bcc7-3eda47807679,0
b7db75d8-b963-461a-9e24-ed108fe29c4a,0
1efbf4c1-d0fc-4df2-a501-6f7a68758d1b,0
9e3a0740-3cea-4194-82d3-3e3b59bbe5b7,0
08e49752-d779-4e55-ab32-eb5bc2365edc,0
1656f43e-ce57-458d-8aa2-83a26224b092,0
e2cc7311-8239-49f4-9053-5cffcf77de94,0
f69cea9c-d9cc-4c40-95ea-87c060f6350c,0
466060e1-2edd-4187-8db1-11068274163f,0
815bb810-d79b-4a5a-8362-4389f6e65181,0
c9198d28-6aa4-4174-8848-e49e3f96d4a3,0
296a284e-4456-447c-a181-999c705df911,0
449a086f-0077-476a-8859-a5d91a055c3b,0
50b81026-0c62-4497-9f7f-b3992210c3fb,0
e10492a3-3a8d-49c2-a4e4-760c67c800d8,0
7b35ca01-05af-4b33-a145-fa992a938be7,1
4f3ee51b-c6fc-4a21-af29-0b72975b12d6,1
faae0a60-ccda-45e1-bb3b-3b608a1d951b,1
b892ab0e-9548-4134-bf63-ecc716e88ece,0
fbedc574-0d1b-4128-8b9e-16f085be73d8,0
7ad2f576-8eca-47b5-acb8-6785655d4211,0
acf78e2d-c6cc-456f-abe7-dff7165f7995,0
7ba97965-24d6-456e-b925-7c349a379f1b,0
4a5c8924-f364-404a-8936-79a44e6a9fd2,0
3c0a800b-2d63-4a0f-a7ac-a22cda2d2749,0
d99b9dd8-4ba8-41cd-a805-7a1c88282856,0
e5a68476-a22d-4891-83ce-777f021e814f,0
b30e2268-1112-4df7-8085-27b557251c22,0
8bac2f89-12a7-4279-ad6f-ebb3da156ab7,0
90cee785-588e-490b-a198-a82cbcd15eaa,0
621e9bd7-7833-40e5-befe-954c6e4229bf,0
27629f4b-0044-4baf-a24c-87e617d43e09,0
44d521cc-d734-4532-b2f9-82ec2e1dbd42,0
bf1db5ce-2153-4511-a0c0-92dfde10bffb,0
278db067-f82f-43bf-a7db-dd79d6efa723,1
7769a04e-79f4-4f86-ae52-e19d6bdebec2,0
e306425e-d984-4c44-8ef2-b565049fa837,1
687f27cd-a77a-44a6-9a5a-3f9dd09c2cd0,1
52ceb57f-1958-4523-a43f-b1040bcf39a9,0
824b377e-80be-4a06-8aba-02c6f3d4a9ad,1
b8f341c3-af0d-4255-9ab5-da864c29f974,0
b9bf4461-326b-4989-b732-dd14088d6c69,0
7d35b6de-8ffb-4db8-9bfc-0f260a47fb5e,0
794b7bf1-618f-4b69-baad-f7b6a5ff7906,0
a6a77885-d0cf-48bf-a398-ce38bd71470e,0
72359c70-46dd-4b83-8d68-5a94173a2125,0
6b4a5d0b-257e-4d63-b7da-32bf990c7dd9,0
e37cfe9d-944b-45e7-bda6-5ebca7e91b3a,1
5bc9832b-fb39-4533-9c66-b07a4a1c1e82,0
d662ca39-4659-40df-b144-18670d942feb,0
c4ea9cbb-f40a-4ef7-9600-a35bd9ed687f,0
e690840b-a2e1-4c2a-b49a-8deb46cea8a5,0
833efb91-4c3d-487d-b4a2-e849fef9751a,0
0e060a90-3652-439c-8a42-f37a5e6cadff,0
0a4e3344-f8dc-4e41-924c-770d1a1da3a3,0
4fc51941-ddd5-452c-bc4e-ed4b02427e6c,0
d0cfc474-30a6-4c35-b832-59be909986f1,0
17e3c421-2bf0-4235-9903-7e537277f60a,0
e7c87c7d-b17d-4cc1-8258-5fb4fa8e4038,0
d9ed0fc9-261a-47eb-b7eb-d72706bb4202,0
5e218cb8-6c82-4238-be61-c41c018c231b,0
1718b81c-d8a9-4bcb-9563-b3e41d988da0,0
a33f90ac-bc23-49a8-850f-4fcd1f9e6b14,0
91094bd4-33ee-4a38-aee9-6e46851348f6,1
925665e8-2916-427b-87e9-433b6bb65e5f,0
11c73b69-d047-4ea6-849a-031dcce6468d,1
f0d632f9-8999-45d1-9a6f-e36023ea5472,0
9f512552-f450-427a-8c58-79d89008166e,1
ed1951ff-46d7-426a-a056-96689811f0cd,0
a3babb24-e3a3-46a7-a44d-96fed5bc604d,0
4d79f198-b098-42e9-aa99-26b28af67783,1
964c1c6a-ae70-44f9-8c0a-92f02650c2ea,0
71101b9a-4900-463e-bcd8-5a5dfc9e5005,0
0513751d-6629-4cf7-8285-f91d2ab75eee,0
248e1cf2-6b05-4afd-81ec-c5207d5b3c92,1
9c38ec8e-5590-4f59-ad8d-a7d17e03baf5,0
6f0a99c7-0370-41a4-875b-c76225a8ef6c,0
2a03dba9-3a17-45af-a7cd-16b6da54b5b0,0
a3f861a3-0fe2-43f1-957f-640ff3e10dc9,0
73709db2-7059-4b7d-98b5-7bd4a6b58d23,0
b61eae45-9b4b-4546-b43b-c969a6914378,0
640564e8-37c7-4b0c-9ab3-78dad4d6cd33,0
6a56a37b-6097-4a78-b630-42eed2e4ea5b,0
b9d5190e-d137-4ec5-86fb-ac52d7c404f3,0
769cbdee-bf85-46af-9ce0-beb65e2ce3b9,0
fa8c6775-e90a-4347-a746-37cc4f822aad,0
ae9c55c9-7892-4e64-95c0-e53f0f5f1d42,1
0eaf649c-cf9e-40d1-bbf2-426e5a7fccc8,0
47af3dd8-411b-4c76-8f2f-b75934fdc68b,0
4e46ebe9-cd0c-4f59-996b-404a63b8a689,0
6cd187f9-f5a1-4840-b1c2-56062a365636,0
dbd9f81d-e3ab-4e0e-87a4-7b06ae9001fa,0
d1c5ecf4-94b7-43be-9a5a-3b24afc0a7cc,0
861ecf08-5f95-48b1-8c48-bd55bccb2aa6,0
0d8dc2a2-fcab-436e-87a0-7966052ad888,0
cb1f0edf-f0e3-430e-b508-f876311fb0bd,0
3def5fca-2013-41fa-bab8-5cc75d5cb2e0,0
7ccbe25e-3981-42b2-82b5-74a63ad40a1f,0
ba7f49bd-8602-4e57-a3cd-4f0aaf1af731,0
0fbe3a5e-cb5a-4bdc-9564-221e8b75ad9a,0
d6875081-88e9-46da-8c05-ef77400b6a7b,0
4c3abbcf-6e5e-4f7f-bca6-8ea286088cb9,0
f5a6954f-16e0-4144-80ab-6fe3575c4495,0
78b56ccc-8705-4bb4-a34b-b98001c2da01,0
a1395f29-23dc-4c00-a6df-16e83d399867,0
4a91ba70-1618-43d7-a668-af922a6fb535,0
c3d54f20-b1ec-44dd-8265-9c4f680b508c,0
eb1b868a-c5c3-4e2f-9977-fa17f6aef19c,0
3c99427b-040e-421a-8504-0d4f60f36534,0
fc91ad2c-5a17-4f9d-aea2-3061363c2b7c,0
ed646574-5462-44ab-9838-298ded80e92b,0
45d5f9cd-1b21-49b9-9d1c-ec57f0cea618,0
37611f06-61a2-4e1e-9915-89082760b0f3,1
7257ff42-4375-40f9-8327-0529534a3c16,0
6ae408d3-1457-47e7-8578-a732dac31d5f,0
eff06eee-eff7-47a1-9964-5d983c1202a3,0
190f8c40-18d0-4133-91ca-fec35a480025,0
583f7d31-9984-4b53-83bd-f1531737e593,0
20613246-1f74-41b0-84ac-984fabf91a9e,1
b5e0fe87-98f8-4030-809c-7422c5fef7ab,0
b9895656-dc89-4bdf-9fa2-692c7dded49e,0
eca515b5-9feb-42f4-9973-7c8629d63279,0
86a05761-a6d3-4e9f-8a7f-657b4d3101c5,0
39af662a-75ab-4f11-9c71-bff0864aabd0,0
5d61f509-d970-4614-8a00-2736781c8ba9,1
71457d6b-fba3-4eb8-b311-b845d8b4e9a5,0
e7ea24d7-b2f4-4dfe-8ccd-83df420b8834,1
b583cb2e-2182-49c4-871a-53b616f1b20d,0
b4a707f0-896e-4a18-8aa6-d3e9d10e93a1,1
04c148a3-6cf5-4865-bf70-1e8faa1881b8,0
b6560540-f818-4dca-b20e-edcce0b90a3d,0
7d4d32f8-be26-4936-be92-2de0fbe2f7f9,0
c770516e-705d-4010-a46d-cdbe44653b02,0
ccab90fa-8cbf-406b-994d-29531bbce745,0
0bfb4757-d5cf-46d4-86e1-190b5e11b32d,0
2e93f249-abed-4ae8-9ff6-b48a2f6e8172,0
dea51c97-10a7-4534-aed5-b114ae76050a,1
398d3498-c048-42b7-8254-fe59e5950cd9,0
0d4f9f1f-1d9d-4e2c-98ee-e32171aba448,0
1ed17712-29a8-41e8-bfcb-fbec7a641708,1
ac31992d-f08a-48e2-8e7d-6862b8efb716,0
7ead2d02-6dc0-4387-850c-6d3a2684832f,0
f041250d-f27c-41e0-b991-2662505d53b3,0
fd11e30f-89d5-4534-bfdb-3d4f178cdc86,1
5d49d6e2-dd98-497a-8742-9784681fd03e,0
a6fd7874-f81e-4b38-98d3-7f8dbf530ea1,1
f22f60eb-6911-4231-978d-efd5fab33396,1
5b590947-ce4c-4dbe-930f-66d6e7a61302,0
94fcd5f4-9870-4b61-8529-d9de66702818,0
647a6f7b-af9b-4440-b593-6bdd22ab2ba0,0
3d1bcb0c-3107-4efa-aced-e8c5acd90964,0
1cebf86f-4ed9-4931-9e93-d49117771c74,1
0bee75ca-87ee-40f8-875d-de8b5da83089,1
856d6aaf-7609-429c-a796-f47d98765fab,0
e425e126-5b92-4410-b1a0-fd9acbe5f631,0
8389d829-b5dd-4b56-b1ec-4868dd068c3d,0
16b399c5-ed4b-4c8a-9248-8b427f7825e5,0
7fc4ed80-0fb1-435b-97a2-4da99c964716,0
981ddae9-a6aa-4514-b73b-0480ff7a01c8,0
f257e58c-d7d5-497d-b6d9-72d42929e304,0
8755c631-c0b7-40b9-90eb-e34a1c0fb35a,0
56e1f9bb-6c55-492e-bcfc-c98d86661ec3,0
9e71c283-3102-4c8c-99e5-d55c1cb33d91,0
faecc15d-7660-4059-a5fb-9d484f44c2da,0
d61e7293-6f27-4379-9e93-89e39ae76b46,0
299bc5ff-61df-4889-9d5c-4e90c83953e8,0
0448b513-44e9-404c-aefd-07409f8f766c,0
3aaa155c-5bc3-499e-8ad9-41f16f724ce8,1
4e07b2d5-cb02-469c-a8cf-6339e2e69cc7,0
d2e45868-d835-46d7-a4f5-d8051bd4bf52,1
1de549be-5087-4a07-9384-327cebc5b082,0
71a01f06-67e0-45bd-b589-9bf503da7ffe,0
5bcc6bc3-717d-426e-8f79-3a84235b3a02,0
2364f03d-b4b0-4d8a-8ec7-8f546339ec61,0
a8db3ecd-279e-48cc-bdf6-5cb5ffe94a09,0
5b0b2c35-24cc-4f6a-8e20-a5523c214cee,0
be2b5ae2-03dc-4320-814c-c59ea42d86d2,1
981aa741-2ec1-4045-a1e2-9beb1a372607,0
f4ae7986-7e00-431b-aac1-f01aa17b33b3,0
e8b39d46-03c0-4720-871f-5c657bc9c1eb,1
0e90536d-0518-4ec3-95ef-b26b0773585a,1
19b43c48-4b7b-48d0-a26a-95c89e907215,0
686c8bd1-ea69-40ef-a4d1-f5e90257eed2,1
933ae4af-9518-42b7-a514-e5564d2d8024,0
3203762d-2688-4494-9fc2-4c75e32daacf,0
04e89ad3-8b05-4443-b21c-9e19990287a5,0
36f38a18-5862-4a23-b8d1-671186c1495a,0
7de51c5a-dfbc-45fa-b1ca-eaa8a780071c,0
23125b20-a79c-4539-97c9-36f27a80ff4d,0
725f1071-19cc-4b85-bbe0-7054b44ead01,0
3443d6e3-a37e-46cd-8c17-639b25e638b7,0
7f10d0ac-65c7-425b-afde-812441fdb0c1,1
a0c0c255-6c70-4f37-912c-a80a45943077,0
93bcd87e-32fb-48a0-ad8c-50c203bd2b42,1
8ef2507b-f67b-4683-a2e1-56e755b12765,1
34983941-23db-464c-9650-d98bfa3beba0,1
d56cde9a-f25f-460e-9a61-fc5185f33bb7,0
d47412b4-15a2-4687-9f63-bd510cf7c9e5,1
8e26f051-c4ee-46d2-a3ee-4eaf2dd417a0,1
0a6a7b56-4a83-44e5-a853-066ebde8a6b2,0
f66afd16-1ad3-4b69-8ca6-c66737c5a4ee,0
94bb4d16-7c5e-4399-bee9-f1bc65020f3a,0
6d77bf07-947b-4630-90a3-3340cd33c058,1
00bb0d87-327e-4617-8f16-63c386e39e24,0
79c11833-a726-4dbd-b340-2f0a60cc4957,1
0e4e8e9b-4257-47ce-8464-5c8074593750,0
3551360d-6d85-4b84-ad13-20586ddf3a63,1
83bf605d-4c8f-4537-b013-c0762d21b990,0
20bd6bfe-5c1c-4534-bc3e-49f86af53e31,0
3c59ed32-2a73-4d65-8c65-a51e7fbcc0c6,0
26f41a42-dd30-44da-b9a5-418594dda4e0,0
410f6f94-fd6e-4b65-a16c-c7c3d9a457fe,1
9c9ced97-ea07-4ba9-ad2b-1065f586eb62,1
94b8abd9-d841-4b9c-bc91-3cd8ad0f345a,0
a3190b4f-05ce-454c-995a-1b2e13dc33a7,0
4bebb608-6602-407e-a12c-1a833251cdf4,0
8d98e3dc-80fe-4df7-b7ad-aca6e2750674,0
b5c8edd8-ba8f-432a-b146-5f3c95c7345f,0
f3d4de11-0184-4893-8c7b-e73c9b907e91,1
45e41be2-bf9a-48b2-899a-c442b9bc22b4,1
43390aeb-1f42-45c8-9193-157306a0f1f7,0
b7f99715-e37b-4446-97fb-55d521957eb6,0
148a549b-22dc-4401-8b4e-3c363620273b,0
e86a960a-0b91-4626-8e82-94e1e025d558,1
7f68d9b5-bc8f-4880-a2fa-ceb619d2ea04,1
c2e53b48-989d-4b5f-b020-46b3ffe2f844,1
d49a876a-6219-44b4-b8bd-ad1b422987f1,1
bfd8faa6-f3ed-4280-8033-2d91dfcad05f,0
575f68ab-88c2-4278-8c05-58fb80adf4c9,0
7f2d0b86-f256-4a80-8ddb-9ff06d34a3c9,0
1ac209f0-4a87-44ed-9927-0bf1ea55b01d,0
30843d44-c1cd-4148-9b71-17a9fd669648,1
ba3ea984-54a0-4ad4-b0ff-3b9317087d42,0
d9d3e226-6415-49f0-85a2-62e3fe26e9ef,0
d4ef0858-5b7e-433f-b480-56915656bfe7,0
2aae55dc-0ce0-4beb-b374-1b337332c193,1
67e33dfd-32f3-4ffe-a4d8-b22cb77c4ec7,0
113fd346-673f-4afb-a8c1-2ec297f6fd1f,0
6c6a7815-77d3-47ef-9d02-6469f0bf1b05,1
7f47fa27-c6d2-4703-9d40-e061f5a8bb08,0
627fe77d-d4db-407a-932e-8b54fba01af5,0
d8021def-2522-4a8e-bd9e-0793c1619cda,0
db8653a9-3a6a-468d-b7c4-3b53d39dff9e,0
b1665f36-f4f6-418b-9648-7db2ea59ac33,0
8c27a417-d0ec-4dc1-9630-c8c8f116d91f,0
983451cb-0787-4239-becb-94a84377799c,0
ca7ed6b7-4a3c-414f-940c-426164de4720,0
c632da2c-45fd-4539-b885-6f08da29afea,1
bb44e809-85e1-4312-be78-ab3d1f9a3225,0
a8ea1df6-5683-4c0b-8312-730cd6e43a52,0
1ce8d7ce-fe6a-43ab-a9aa-7c1fe4374f6b,0
054f1e2f-da6c-4a19-bbed-8ffd6e506a51,0
dae106a6-414c-4565-852d-8e8eee930386,0
ac324726-09ba-4e19-bdc1-770095ec883e,0
2a82755f-da04-4f70-83e3-0475c62ea1f7,0
4d6b1bee-0fc8-45fb-9381-170c7a0532b6,1
5abf85ed-dab9-45f2-8ce7-e70ceeb11124,0
596bad48-fd6a-4ebf-a34c-377a4035fd46,0
b8eb591f-1a1c-4665-a82b-61fa4091f4cf,0
85d0e875-501d-416d-8df6-5029237d4ed7,0
a0bf1a55-9cf1-4daf-9e42-67ea51316b6c,0
02bfae2e-4b9e-45ce-9489-fb77efc38667,1
006f6ad4-9f9b-4044-a045-27d07f966cde,0
33ca40ae-bae8-4f8c-913c-6b8ccc52dead,0
628f3396-e5f4-4a21-8cbb-d5bfa3453e6d,0
ec8b68a7-59dd-4ca2-a226-777f2f5ae5cc,0
c1d7013e-b577-4c66-9039-92a7278425ae,0
8cf1a3b7-e38f-4609-b196-540b978a86cf,0
a5070f69-13ca-47ca-9f6a-855f4cdd6a49,0
628dcb8d-ecf5-40ef-b23b-41fdcf9f2f71,0
00a9ad20-831d-4acc-87a6-219cf7938967,0
65870bd3-0e2a-4b43-a792-96f58dda6bae,0
3b13d582-859e-4054-8a2b-89375e5f5c47,0
acac6f7c-20cf-45df-90c5-7ea960e1c9e2,0
60ea1625-35b7-4568-af2c-fc34afa4887f,0
3ec93edd-ecee-48a9-b616-8ab905ab1343,0
0dc8ee2b-3ea0-4160-a15e-01740fe8c3bc,0
5025ebde-6a5c-42fc-9fe1-8baebb5b4365,1
2aef75a9-b791-4c2b-97d2-523901659280,0
54ed0e74-dedf-426e-ad42-5f5215f203a6,0
d282d714-80fe-4947-88b6-f38267682c89,0
0f3825a9-d501-4a7b-81d2-cbff437a04d6,1
d9cae3d8-7d1c-4629-a2af-1db2105f8fda,1
3c021695-5baa-4601-a8ee-029223ac9ee7,0
415109e0-ccba-421b-8507-e69214d8080b,0
a9a3fa6c-2241-45e5-b82b-a6a785e90ee9,0
48914925-a6a9-4ccd-99ec-9dc110aa5c82,1
7a9dd332-c90e-4316-8f71-b30f24e73ca3,0
4c01a69c-8f50-4e68-8d3f-40fe62c1079e,0
8a2e2ef9-d668-4230-bd56-100bca53d2b8,0
0463e67e-d301-4f4f-9d8c-1acc6fb4d0ff,0
2aeec56f-99aa-4bf6-93fc-d5d6888e4de9,1
051c40c8-d22c-46aa-9ab1-86f84614eb7b,0
de5eeead-90dc-44c6-a861-9401846e212e,0
6fab7c48-ce3b-4ba1-9293-f3f51cddf881,1
60fbeec3-3f6b-4d06-8e65-94c37b8d770c,0
bdb96fb4-dff8-4611-8aa0-b3364749065d,0
98664049-8301-4e36-b564-09aeecaeb6c8,0
a270f617-eaaa-4dc2-9ffc-d20f388a4e1c,1
49f04d85-3b64-4574-9da8-d49ddb125033,0
1e2a0f2a-e9c6-45c6-beb2-6c5d77d3deb7,0
60776e08-ddb6-4d1f-ae99-404a8eef0663,0
fa78b875-c126-44f6-b410-bfa61ded91b3,0
8328c068-c4f4-4e9d-9e86-0f7ebe9909c7,1
2507ed87-268b-4fee-917d-d6aeb5169526,0
2e53549f-0bf8-4654-a7df-f5ce2d0510fe,0
ca2e8079-e99f-4f0e-8cfc-df09a329d77d,0
f4ec07cf-4bad-4dbc-926d-ec2966d92e50,0
62d0a484-ed34-43e9-b67b-115db1740ff5,0
a81e5526-98e7-4b94-acb0-095cf760b8d1,0
719559ee-4f4b-4a2f-9c49-8a5693ca95b2,0
6378d07d-1183-4273-8bea-885b1a5134d0,0
83a1c3f0-ce88-4d62-98d1-b7d16b2cc786,1
604fefd3-a679-4fa4-9d3c-4988fcb4f778,0
18e992bf-522e-486e-b0c0-460a868d3664,0
d559487b-5ef1-4d1c-984b-9dfdb2158844,0
a3cc1cfe-757b-4ead-897c-773659a00fcd,0
05aaf9aa-383a-4ffc-b8a7-d167f5781afd,0
ba5455eb-a6ea-4074-ba39-35889f5a4151,0
f8de28b1-71cd-4586-85a1-406a1cc22a23,0
99af2ced-6d58-4180-87fd-c09117868cc1,0
c4643604-e843-47e0-99ce-40d0bc6e9ca9,0
c83fad93-7697-4460-af43-c9771037d844,0
0c833afb-2175-496d-a475-8e117b1c580d,0
29746630-4c57-4634-8ba3-632c06239de3,0
9c941703-9a43-4290-9d3b-9dd291bbd73e,0
5aecddbc-340c-488e-bcc2-9f38abdc698a,0
1ecae300-9330-41f1-9569-957a692fecb5,0
e09a8061-247f-4935-8a2d-8453d66872a6,0
d1f6d6d7-c03d-4b72-b308-d16b43cb547d,0
e14296fc-0fba-444d-b557-4da5569e1edb,0
582452c5-2617-4268-bfe5-009085f76426,1
e0949def-9644-464a-baf2-9c4c7a3e5f5c,0
814d9956-95a3-4c1b-8eef-adc92bf4cb9e,0
e030f450-eacb-4e73-ab9d-3d48e85c86dd,0
1b3f181f-795e-4a70-865d-ffb0bebfae33,0
4a1c414c-9c9d-444c-85ff-676dc08e36e0,1
b82529ab-1243-4376-a590-cc9b2265d31f,0
262fe778-135e-4ad5-93a5-bee1a1a530cc,1
131b5ac8-7260-440b-9d8c-b1b5e2437f40,0
2ed00f3b-5327-4c03-8d2e-fdf230b45806,0
ea7c4cb0-692f-464b-aed7-fc0870cb6267,0
97555703-9043-4ec6-b621-676939dfbe41,0
7ebe0383-053b-431e-bcdd-a353d8cdca64,0
17958b0b-7d2a-4764-9da7-cdd34e0abf98,1
ba59a7dd-c342-4ff6-977e-c651367b9d30,1
c1170688-6bd1-47bf-9119-f865ed276c91,0
85001a83-fb4e-4348-9a20-201282a55caf,0
807ed33e-473a-4721-beca-70fb5950811d,0
1f316bf4-bc43-41de-a603-01673ad21639,0
5631492d-d141-4000-a7e1-748e4fc1c24f,0
f396c8af-8921-4350-bfaf-79506f436207,0
24231aa2-7c5f-4c4a-85c2-2aa095475f2f,0
f263aa51-c73c-4fc8-b8f8-cfe629936efe,0
b6f38c2f-0966-4cac-ad51-c35f9391d370,0
411012b5-e979-4c7a-b3e5-74ba17135a89,1
0a96d65b-a144-46ee-96a2-75ab2b02ca10,1
94c3bc62-3076-49e8-a88d-2f1aa4bda45d,0
c894cb6a-bab7-4b5c-82ed-df97a9488a0a,0
db71b446-7010-4132-bf04-93736642aab1,0
1c713bdc-6390-4ba7-88f2-2aa6a05255a6,0
d8f82d42-d182-4622-a94c-fb7244718161,0
5a32d11e-fa72-4d32-be0b-521a4f46c22f,0
9b9aa246-7282-47c2-8e5d-40f4119ccfa1,0
b9880a1e-c186-4f3d-9a68-595d4b8fe4ea,0
aadcefdc-0e52-42ff-a93e-601ead38f54e,1
106dc050-6b96-44b2-a8ad-de841b49da54,0
89ed8eb7-4972-48b5-9186-274a65665a98,0
1a35300c-2f38-4a35-8c00-858733a4621f,0
7cc94d86-282d-46e1-a634-bdc26d33931e,1
8b0a58fc-cee3-45fc-a25b-c173a117043e,1
86050274-ffc8-458e-8be0-4f622cf99529,1
dd1d3abc-2a46-4e28-8b8b-ebef7133cb0c,0
e3bf0e36-e860-46c0-b539-3d70f55628ca,0
e475987e-6f41-4b62-a48e-102844fdd1a9,0
f46088ad-dfc8-4d01-9fa2-508c08457b05,0
c2381607-da59-4442-9b57-0f6579225f48,0
c08f4f41-4419-4e35-a4ec-1ce8cbc0434b,0
96037b21-2b95-4964-8dcd-9011fcca57a3,0
724b3060-e5a4-44fd-97b8-73835e253387,1
4c5781a0-ba5e-4dbb-90ca-a613c82f234a,0
674488b5-e028-4ddf-8198-3ab22552a444,0
433fbc6d-f378-44de-9ab6-1d7d2a403c96,0
58aee76d-91a3-448e-a833-3135b8e388f7,0
7ae924c4-50fa-4332-b86e-5e4b9e0d5ede,0
096476db-ed82-4d08-86c9-57d23384b0b3,1
280ce4fe-6515-4c4f-a5d7-a02ea42d267e,0
475948cd-e28e-42b4-9f00-f43ea8faa734,0
1cd43455-1d54-4595-b050-6d076f2bde75,0
14318dd6-7a1e-40ad-b163-42b9fbd3d501,0
a9228ded-277f-43e2-91a4-67eaeb062862,0
b38a0dbb-cda8-4d4d-a7fd-bd975256614d,0
2d288c31-345f-4085-b268-ecd5c05fef3d,0
76f21d2f-88bc-4f69-9497-cad499e3fe93,1
571156d0-a1d1-4f91-95db-e61440064163,0
ae118e53-6c41-4a98-905d-c9c7b5219898,0
67c96e51-2e71-47aa-8703-77bc7d4346c0,0
a623ce21-caad-4f5a-8bd0-ff146f56d416,0
706dbb76-732f-4840-8342-c8525a4dcaff,0
92bafed4-eb2f-486a-9078-e05a1c1f61f6,1
b1ac91d8-da48-4cb1-b684-6ac570614297,0
3844413d-c279-415a-b0c2-4cbb5e245c3e,0
d1862240-a941-4c46-b5c3-3effec2893b5,0
79882845-8d84-487c-a4f1-c29d89ccd3cd,0
1948ce2e-86ae-4d04-9061-457fb7c394b2,0
d9188c78-35b2-44ab-b016-43b6a674da79,0
f4475045-8948-4b10-ba67-0f461cc4dce5,1
ab5712da-e911-445b-8a9a-9d7e15e11444,0
131d8c12-7d34-43c1-b045-375b3da50a39,1
8229112e-967f-4de9-a34d-f07558348de5,0
26c445fe-7f4a-4e6d-a88f-79d52c37b49a,0
fc79d517-2966-47d9-8b8a-b753eb37d779,0
ba726829-01a7-4bb9-ad00-f9cad63b9a97,0
47a5762e-ddcd-4a84-9bdf-bcb342262f1e,0
4471c709-6237-430d-86a7-e9e41736d90c,0
495f83af-51c1-4cb6-bef9-b07af91c4088,0
fa74d824-4bea-45dd-bf0e-0b7c8b6e479d,0
fbe12e91-7933-40c5-8460-8cc6f399e616,0
55f1fe1e-cf3c-4c14-8838-de547f4c1152,0
860b4c1a-4f48-476e-a7dc-e20b8878f5ee,1
d0d4b1b1-4442-4d6a-82c2-32352894ae4e,0
7ba9e70d-eb74-4623-ad67-142fe19415d9,0
47aa20f3-78ef-4335-aa35-5fbb762294cd,0
a6578b6b-edca-4af5-81ab-69c85f220399,0
069cc49a-95e6-42a1-9dbc-a5536225aee9,0
c83a60dd-1d02-41d6-8383-dd3beed3774a,0
81cbc92c-6c68-4ae2-bee9-c69578e55a45,0
81efbacd-d4a2-4f86-afe3-b4d1b224d6a4,1
7807552c-dee8-4d25-b05c-cf7be0ed0076,0
274efd4e-6891-457d-b13d-a2496c588e1e,1
3b27ba42-b982-4f3f-a630-c01682fa36bf,0
fb57e32b-c840-4204-bcca-eac9712803df,1
df798cc7-ec3d-491f-84ba-4cb9e748ffae,1
3de176a6-70ea-45d1-849a-2a4e25c8fb69,0
bdc7700d-3b2e-4aa0-a490-5f30ae2b91b6,0
1fcd4d94-fbb1-4963-84f1-0958012344e2,0
8685efad-0910-4725-864d-a4bb95324a36,1
02f6390b-350d-404c-acb0-e35dcaf9bd9a,0
fbb742ed-7869-4d2b-875a-447d6ecc02e2,1
7e0707d9-920e-44e2-915d-7ce2a563369c,0
319fa633-21a6-4dbc-afdc-d382c1648c49,0
fd73875a-3881-4d5c-8472-60a3426f7894,0
dea2c690-1a26-4fcb-ae10-dbd6bbf69489,0
69d15169-0bc2-4ace-84a0-5c819cb4b796,0
7b2cf72b-a2db-4b2a-b386-9861d823306e,1
80e83f8f-6992-46f4-8928-a3df973c1ef3,0
c8a367ee-4a66-4539-8552-ce309851f2ab,0
321b39a1-7e4d-4f95-8b0d-eb30b27a4fc9,0
d1f5c60d-1375-4483-8921-78768e806ae2,0
115d9bae-63f9-4f98-9392-68078cf1cd76,0
e2245195-5358-4a5d-af7a-ab4f13e581a9,0
897388c2-086e-4278-a9e1-81f350129d02,1
cd49a1ba-473e-45bc-807b-bde816cf1065,0
20ceea6f-d6f1-407e-ae96-bd688c43879e,0
7731ef1b-e141-407c-9078-ca5bdf22e4d0,0
4f16e455-aeab-4f7b-879e-11facfc3d749,0
d7aa8d89-c81d-442d-a51b-19fcab9d831b,0
9cca97e1-481a-41ff-8eea-2569a3ebab68,0
4de3c5fe-f6af-4c7b-b40f-0b584405d512,1
13b591a2-a2cd-430a-9b96-ba6ab9f8f117,0
a8b18638-5455-4598-8750-a0ef43cccb23,0
e428adbc-5234-46fd-921a-02fc5abf58dd,0
89d11bd3-134c-4e5d-834a-f6a8dc1f232f,0
63637030-b091-4443-84e9-9a13bd880b2d,0
37252a5d-c119-4a51-99a8-8527f24d35ea,0
dfee71fa-3d90-4061-98e4-5d236e112df6,0
8989c09e-5a93-4505-9755-641df0426b14,0
238afab0-8622-4156-9fd0-54cb8af82458,0
7246e2e2-0695-4e20-8f28-912a5d7ce615,0
fc09dab6-bbdd-43a2-ad70-82585f7236bc,1
5f34092c-f547-44dd-8cf6-bcb10fe18021,0
9e78c98a-fe41-4b1a-b8ea-2da32841766a,0
a32dc3d5-c4a8-4b94-ab1f-1a719447c821,0
1c523a2e-3d23-4591-9d9c-a1702e31645d,0
f4649498-8194-4033-b022-8aaf82a0a43c,0
5b8e18ca-ac67-4ab8-93d5-2a94f2b020f7,1
9f77b6ef-9c27-4e52-8204-019f9cccb8b1,0
f625ce51-80f3-4376-b55a-469de942f60d,0
fb53713d-ec21-4821-9e03-fb951688270e,0
90c1c694-4f92-4f99-b3d6-282a7eb13d55,1
9c4c3cdb-4b71-4a1d-b879-054996446898,0
d538254e-c197-44cb-b2d8-4c27afb6599f,0
72204b42-7db0-4cb5-a935-ef5ddadd4e21,1
809261de-5062-439f-a44a-ca7d76e2f9ce,0
2866449a-b451-4a41-b4d2-5a46887eaf13,0
120f1c7c-ce34-4175-81f1-921d79551ee4,1
aecdebdf-27e3-467a-9fa4-b3a1fa320cf2,0
25c362cc-e58b-4bc6-b9ad-cecb524fdfb4,0
1dd2d979-81da-4aa4-85a1-8918892f8ac8,0
6a23533f-d973-45ce-8f32-89a55523a366,0
bf76e566-ad51-44ed-a388-7e602735c0b2,0
3e8c58a8-2ee6-4fad-8c60-f4a01f4a425c,0
48d42445-d2b3-47ee-ab38-517df54d57f7,1
b497f25a-9778-45ca-bcf0-682e7dd88561,1
e141f6e9-69a8-4d2c-ac60-599676d7e589,1
93e6eca1-5876-41d3-902f-8fb34e5ed59e,1
8011c337-5699-4b30-b877-929920cbe6d2,0
b9f246a1-cae8-4a39-ad2c-bdd79abd950d,0
6b68be0c-e7b4-4d00-9fd8-b9282acf0375,0
c9c0250f-18e9-455d-9a17-42ef825d17f7,0
